黑龙江省,佳木斯市,桦南县,46.29557,130.62389
江苏省,南京市,雨花台区,31.95014,118.68954
贵州省,黔西南布依族苗族自治州,安龙县,25.21144,105.3158
河南省,洛阳市,新安县,34.83012,112.1242
山东省,聊城市,莘县,36.21056,115.5725
四川省,泸州市,泸县,29.15135,105.49217
山东省,济南市,济阳县,36.98,117.18
河南省,平顶山市,新华区,33.76889,113.307
河北省,石家庄市,井陉县,38.031,114.134
山东省,济宁市,曲阜市,35.62111,116.96528
陝西省,西安市,雁塔区,34.18889,108.93278
江苏省,徐州市,云龙区,34.24215,117.23418
江西省,宜春市,宜丰县,28.46481,114.77775
黑龙江省,齐齐哈尔市,依安县,47.67951,125.31187
山东省,烟台市,蓬莱市,37.64806,120.82639
内蒙古自治区,呼和浩特市,清水河县,39.91779,111.68687
西藏自治区,林芝地区,朗县,28.9781,93.13331
海南省,海南省,琼中黎族苗族自治县,19.03278,109.85111
陝西省,延安市,志丹县,36.73908,108.64567
广东省,佛山市,三水区,23.15917,112.88361
四川省,绵阳市,三台县,31.11961,105.02254
安徽省,合肥市,庐江县,31.2603,117.32021
广东省,汕头市,澄海区,23.49546,116.78426
河南省,南阳市,社旗县,32.97636,112.98898
西藏自治区,日喀则地区,仁布县,29.2392,89.99959
山西省,长治市,壶关县,35.97369,113.33629
湖南省,郴州市,永兴县,26.21126,113.18593
青海省,果洛藏族自治州,久治县,33.45931,100.99649
山东省,淄博市,张店区,36.73944,118.10389
新疆维吾尔自治区,和田地区,民丰县,37.25428,83.21759
安徽省,芜湖市,繁昌县,31.10856,118.20531
河南省,周口市,郸城县,33.63685,115.29789
江苏省,南通市,海门市,31.99981,121.36072
河南省,漯河市,舞阳县,33.54669,113.67979
青海省,西宁市,城北区,36.63674,101.69923
陝西省,宝鸡市,陈仓区,34.30611,107.3875
重庆市,重庆市,武隆县,29.37537,107.70421
安徽省,亳州市,蒙城县,33.20824,116.6071
新疆维吾尔自治区,阿克苏地区,拜城县,42.03635,81.93527
甘肃省,甘南藏族自治州,迭部县,33.99057,103.5502
陝西省,咸阳市,泾阳县,34.57361,108.76306
安徽省,蚌埠市,禹会区,32.91975,117.32804
西藏自治区,日喀则地区,定日县,28.47611,87.01428
黑龙江省,黑龙江省,松岭区,50.82356,124.2807
黑龙江省,鸡西市,鸡冠区,45.28778,130.93692
贵州省,黔南布依族苗族自治州,都匀市,26.19008,107.44955
湖北省,宜昌市,宜昌县,30.77111,111.32148
河南省,周口市,西华县,33.78452,114.49666
河北省,沧州市,黄骅市,38.36667,117.33333
江西省,赣州市,寻乌县,24.89196,115.63073
山东省,济宁市,市中区,36.57315,116.94586
河北省,保定市,北市区,38.86669,115.48365
云南省,昭通市,盐津县,28.13782,104.14438
河南省,洛阳市,嵩县,34.02488,112.07559
湖北省,武汉市,新洲区,30.86667,114.77403
云南省,玉溪市,新平彝族傣族自治县,24.00038,101.7443
湖北省,十堰市,竹溪县,32.04753,109.80493
贵州省,遵义市,余庆县,27.40086,107.66442
北京市,北京市,石景山区,39.93324,116.16987
福建省,鲤城,洛江区,24.94455,118.66988
山东省,山东省,胶南市,35.87139,119.87472
广东省,湛江市,遂溪县,21.37774,109.97494
福建省,宁德市,寿宁县,27.40269,119.50209
安徽省,六安市,霍山县,31.28649,116.27459
河南省,平顶山市,石龙区,33.88626,112.88108
内蒙古自治区,乌兰察布市,兴和县,40.92223,113.81535
甘肃省,陇南市,西和县,33.91073,105.35607
浙江省,台州市,路桥区,28.54544,121.44603
青海省,玉树藏族自治州,治多县,34.31559,94.40518
山东省,泰安市,新泰市,35.89,117.56472
甘肃省,天水市,秦安县,34.94056,105.70068
甘肃省,定西市,陇西县,35.10008,104.61959
河南省,平顶山市,叶县,33.55052,113.33834
河南省,南阳市,淅川县,32.9806,111.4415
广东省,深圳市,龙华区,22.66031,114.02667
内蒙古自治区,赤峰市,敖汉旗,42.29758,119.90858
湖南省,长沙市,天心区,28.1079,112.96708
宁夏回族自治区,吴忠市,红寺堡区,37.42209,106.06654
江苏省,镇江市,丹徒区,32.12348,119.47359
辽宁省,大连市,金州区,39.04425,121.58913
吉林省,吉林省,扶余县,45.12833,125.47944
湖南省,邵阳市,新邵县,27.40371,111.51154
山西省,运城市,万荣县,35.39125,110.71407
河北省,邯郸市,丛台区,36.615,114.49889
山东省,潍坊市,昌邑市,36.83583,119.455
浙江省,嘉兴市,桐乡市,30.59194,120.46392
吉林省,白城市,镇赉县,45.87202,123.33286
新疆维吾尔自治区,巴音郭楞蒙古自治州,和硕县,42.26667,86.85
内蒙古自治区,鄂尔多斯市,准格尔旗,39.86678,111.23282
山东省,枣庄市,峄城区,34.73417,117.62667
山西省,临汾市,乡宁县,35.90801,110.91642
浙江省,台州市,黄岩区,28.6017,121.08021
陝西省,渭南市,华县,34.41523,109.78314
山西省,忻州市,繁峙县,39.22053,113.51692
贵州省,黔东南苗族侗族自治州,镇远县,27.13499,108.45421
湖北省,黄冈市,浠水县,30.59994,115.29931
西藏自治区,阿里地区,改则县,33.44776,84.08092
河北省,沧州市,沧州地区,38.316,116.866
山东省,临沂市,河东区,35.10528,118.51778
新疆维吾尔自治区,乌鲁木齐市,新市区,43.89881,87.54573
安徽省,阜阳市,阜南县,32.65014,115.70477
黑龙江省,鹤岗市,萝北县,47.733,130.66148
山东省,日照市,五莲县,35.73917,119.25806
山西省,山西省,古县,36.32048,111.9675
新疆维吾尔自治区,阿克苏地区,乌什县,41.24946,79.29009
西藏自治区,昌都市,丁青县,31.68008,95.25497
山东省,泰安市,东平县,35.97472,116.34139
河南省,洛阳市,汝阳县,34.05092,112.45459
辽宁省,辽阳市,太子河区,41.23278,123.16972
内蒙古自治区,乌兰察布市,集宁区,41.03504,113.107
安徽省,安庆市,大观区,30.50894,117.02092
福建省,三明市,建宁县,26.80511,116.76387
江西省,萍乡市,芦溪县,27.57664,114.02694
贵州省,铜仁地区,万山特区,27.50721,109.25339
安徽省,六安市,金寨县,31.47778,115.79829
湖南省,常德市,安乡县,29.40917,112.17194
广东省,广州市,花都区,23.37722,113.19611
广西壮族自治区,桂林市,资源县,26.05608,110.58502
山西省,晋城市,陵川县,35.66794,113.31359
黑龙江省,佳木斯市,桦川县,47.04955,130.89282
陝西省,西安市,灞桥区,34.27743,109.06334
山西省,临汾市,永和县,36.71584,110.62063
陝西省,渭南市,合阳县,35.20583,110.13139
山东省,潍坊市,寿光市,36.98389,118.85833
广西壮族自治区,钦州市,钦北区,22.11859,108.65719
内蒙古自治区,包头市,石拐区,40.67915,110.27891
陝西省,渭南市,韩城市,35.57528,110.36139
贵州省,铜仁地区,江口县,27.80336,108.76896
四川省,阿坝藏族羌族自治州,马尔康县,31.91487,102.20306
辽宁省,沈阳市,东陵区,41.75361,123.46417
河南省,新乡市,辉县市,35.52564,113.69764
江苏省,江苏省,下关区,32.10113,118.74781
辽宁省,葫芦岛市,连山区,40.80583,120.81972
河南省,漯河市,源汇区,33.53863,113.92122
内蒙古自治区,通辽市,科尔沁区,43.62642,122.26975
山东省,临沂市,费县,35.2375,117.97167
安徽省,马鞍山市,含山县,31.63168,118.01103
云南省,楚雄彝族自治州,牟定县,25.3471,101.56713
河北省,邢台市,宁晋县,37.611,114.912
湖南省,怀化市,麻阳苗族自治县,27.7721,109.69217
湖北省,荆州市,洪湖市,30.01266,113.52924
河南省,安阳市,龙安区,36.08833,114.33056
湖北省,荆州市,监利县,29.91584,113.07932
江苏省,江苏省,白下区,32.02241,118.82645
浙江省,衢州市,常山县,28.95968,118.5096
甘肃省,天水市,秦州区,34.34974,105.59636
贵州省,黔东南苗族侗族自治州,凯里市,26.64678,107.95062
河北省,邢台市,广宗县,37.06,115.15
四川省,德阳市,绵竹市,31.41342,104.17712
江苏省,南京市,玄武区,32.07091,118.84066
青海省,黄南藏族自治州,泽库县,35.12279,101.47472
吉林省,长春市,二道区,43.86384,125.37629
贵州省,黔西南布依族苗族自治州,望谟县,25.2687,106.0841
安徽省,阜阳市,临泉县,32.90599,115.32038
陝西省,渭南市,蒲城县,34.96219,109.66063
湖南省,邵阳市,双清区,27.20357,111.48426
湖南省,怀化市,新晃侗族自治县,27.2347,109.10899
湖北省,荆门市,钟祥市,31.24658,112.62195
云南省,楚雄彝族自治州,永仁县,26.12294,101.58128
河北省,邢台市,任县,37.122,114.67
天津市,天津市,静海县,38.85512,116.98825
广东省,韶关市,仁化县,25.14933,113.79586
黑龙江省,大庆市,肇州县,45.73316,125.24285
新疆维吾尔自治区,乌鲁木齐市,米东区,44.42117,87.66553
安徽省,安徽省,休宁县,29.68221,118.09753
青海省,海东市,民和回族土族自治县,36.15623,102.75305
河北省,沧州市,任丘市,38.71667,116.08333
吉林省,长春市,南关区,43.86214,125.34138
云南省,红河哈尼族彝族自治州,建水县,23.63062,102.88387
陝西省,西安市,周至县,33.95212,108.14538
湖北省,黄冈市,麻城市,31.31911,115.10771
江苏省,连云港市,海州区,34.59543,119.13163
河北省,邯郸市,磁县,36.36667,114.38333
山西省,忻州市,五寨县,39.01149,111.761
新疆维吾尔自治区,和田地区,墨玉县,37.28333,79.7
北京市,北京市,西城區,39.93317,116.37337
湖北省,荆州市,松滋市,30.09645,111.71437
西藏自治区,林芝地区,林芝县,29.66419,94.37119
海南省,海南省,文昌市,19.74389,110.77139
江苏省,淮安市,连水县,33.87188,119.30204
河南省,安阳市,滑县,35.47302,114.66942
西藏自治区,山南地区,札囊县,29.25912,91.41273
甘肃省,定西市,岷县,34.4349,104.17566
四川省,凉山彝族自治州,昭觉县,28.06439,102.78168
天津市,天津市,津南区,38.99611,117.38818
江西省,赣州市,大余县,25.42428,114.36831
山东省,临沂市,临沭县,34.88528,118.63861
黑龙江省,伊春市,五营区,48.18139,129.28868
四川省,乐山市,五通桥区,29.42116,103.78742
河南省,洛阳市,瀍河回族区,34.705,112.52528
广西壮族自治区,南宁市,青秀区,22.79105,108.49216
湖南省,株洲 市,石峰区,27.86019,113.11391
广东省,汕头市,潮陽区,23.2661,116.59611
云南省,昭通市,永善县,27.92895,103.56199
西藏自治区,日喀则地区,康马县,28.45848,89.61345
北京市,北京市,怀柔区,40.63036,116.58059
河北省,邯郸市,临漳县,36.33333,114.66667
福建省,闽都,马尾区,26.01054,119.46296
云南省,大理白族自治州,洱源县,26.11667,99.95
浙江省,台州市,仙居县,28.73615,120.62934
河南省,商丘市,永城市,33.96552,116.32132
吉林省,长春市,绿园区,43.90048,125.26026
新疆维吾尔自治区,喀什地区,麦盖提县,38.88333,77.58333
云南省,保山市,腾冲县,25.32508,98.46133
黑龙江省,伊春市,汤旺河区,48.42919,129.5501
吉林省,白城市,洮南市,45.42711,122.45138
青海省,玉树藏族自治州,曲麻莱县,34.94737,95.20384
辽宁省,朝阳市,凌源市,40.95829,119.26195
陝西省,延安市,黄龙县,35.72861,109.89722
河北省,承德市,双桥区,40.96667,117.90833
湖南省,怀化市,芷江侗族自治县,27.35029,109.59047
四川省,眉山市,青神县,29.81798,103.81994
广东省,河源市,东源县,23.97091,114.8444
河南省,周口市,淮阳县,33.70709,114.88521
浙江省,温州市,泰顺县,27.51992,119.86109
西藏自治区,昌都市,边坝县,30.90188,94.62596
黑龙江省,黑河市,北安市,48.27376,126.64263
浙江省,杭州市,临安市,30.23333,119.71667
新疆维吾尔自治区,博尔塔拉蒙古自治州,博乐市,44.98,81.95
福建省,三明市,大田县,25.76027,117.83742
福建省,鲤城,泉港区,25.1608,118.83993
云南省,昆明市,五华区,24.94636,102.67143
广东省,肇庆市,德庆县,23.30112,111.97696
广东省,云浮市,郁南县,23.02975,111.61734
山东省,德州市,齐河县,36.799,116.74
安徽省,安徽省,歙县,29.81712,118.59748
河北省,廊坊市,霸州市,39.1,116.4
河南省,信阳市,浉河区,32.0178,113.99333
浙江省,宁波市,慈溪市,30.23224,121.2887
湖南省,岳阳市,岳阳楼区,29.30677,113.11681
山东省,德州市,德城区,37.45046,116.33039
安徽省,安庆市,迎江区,30.49234,117.04453
四川省,达州市,大竹县,30.70521,107.27452
广东省,肇庆市,高要市,22.98512,112.38624
福建省,厦门市,湖里区,24.50943,118.09782
江西省,赣州市,石城县,26.28207,116.34598
江西省,抚州市,临川区,27.9344,116.34614
山西省,山西省,阳泉矿区,37.85408,113.53825
福建省,闽都,平潭县,25.51667,119.79253
云南省,红河哈尼族彝族自治州,泸西县,24.50955,103.74888
内蒙古自治区,呼伦贝尔市,新巴尔虎左旗,48.26691,118.27205
广西壮族自治区,桂林市,临桂县,25.2,110.2
江苏省,常州市,金坛市,31.71782,119.50257
江西省,九江市,武宁县,29.26262,115.09535
陝西省,汉中市,佛坪县,33.52222,107.9325
江西省,吉安市,永丰县,27.08493,115.68452
甘肃省,白银市,景泰县,37.10567,104.05523
新疆维吾尔自治区,阿克苏地区,温宿县,41.59257,80.46727
陝西省,商洛市,柞水县,33.68139,109.27528
天津市,天津市,河西区,39.08212,117.22672
广东省,江门市,新会区,22.43708,113.00718
安徽省,安徽省,黄山区,30.28917,118.13009
重庆市,重庆市,开县,31.27264,108.37849
安徽省,合肥市,巢湖市,31.4313,117.8323
广西壮族自治区,玉林市,博白县,22.21667,109.91667
山西省,大同市,矿区,40.02677,113.15602
四川省,广元市,苍溪县,31.92032,106.04278
湖北省,襄樊市,老河口市,32.43633,111.75639
江苏省,江苏省,平江区,31.32084,120.62646
湖南省,益阳市,桃江县,28.43494,111.98784
云南省,临沧市,云县,24.34195,100.27433
湖北省,咸宁市,通山县,29.62716,114.70321
福建省,漳州市,平和县,24.36222,117.30556
内蒙古自治区,呼伦贝尔市,莫力达瓦达斡尔族自治旗,50.66157,121.80197
黑龙江省,鹤岗市,东山区,47.33138,130.31479
四川省,成都市,新都区,30.75325,104.2523
河北省,秦皇岛市,卢龙县,39.91692,118.98288
吉林省,吉林市,丰满区,43.78127,126.55074
陝西省,榆林市,横山县,37.86722,109.4075
河北省,沧州市,盐山县,38.05,117.2
内蒙古自治区,呼和浩特市,和林格尔县,40.38612,111.81886
四川省,成都市,青白江区,30.87419,104.26047
四川省,自贡市,荣县,29.41306,104.34379
西藏自治区,日喀则地区,定结县,28.27541,87.93258
湖南省,张家界市,慈利县,29.40693,110.92101
山西省,吕梁市,文水县,37.43431,111.99809
山东省,淄博市,临淄区,36.79417,118.32528
辽宁省,锦州市,义县,41.58417,121.25444
河南省,洛阳市,洛龙区,34.63677,112.43933
新疆维吾尔自治区,昌吉回族自治州,玛纳斯县,44.35746,86.37154
福建省,龙岩市,永定区,24.75436,116.81672
西藏自治区,昌都市,左贡县,29.62133,97.72375
广东省,汕头市,潮南区,23.22167,116.44278
河北省,承德市,承德縣,40.96221,118.13746
安徽省,滁州市,来安县,32.49249,118.46846
甘肃省,平凉市,庄浪县,35.21936,106.07556
山西省,忻州市,定襄县,38.52454,113.00191
江苏省,徐州市,泉山区,34.22548,117.17498
内蒙古自治区,巴彦淖尔市,五原县,41.00733,108.11221
宁夏回族自治区,银川市,金凤区,38.47477,106.24021
江西省,九江市,星子县,29.3596,115.94286
安徽省,阜阳市,颍州区,32.90249,115.83016
西藏自治区,日喀则地区,萨迦县,28.77752,88.34074
河北省,保定市,望都县,38.71667,115.15
海南省,海南省,东方市,18.99361,108.84083
贵州省,黔南布依族苗族自治州,平塘县,25.80102,107.20927
湖北省,恩施土家族苗族自治州,来凤县,29.50443,109.39921
广西壮族自治区,河池市,凤山县,24.53333,107.05
河北省,承德市,隆化县,41.50439,117.60959
贵州省,黔南布依族苗族自治州,惠水县,26.01982,106.74041
山东省,淄博市,博山区,36.47639,117.9025
江西省,赣州市,安远县,25.24598,115.37121
宁夏回族自治区,固原市,隆德县,35.58665,106.06326
河南省,平顶山市,卫东区,33.78038,113.35095
新疆维吾尔自治区,塔城地区,托里县,45.68753,83.90996
福建省,龙岩市,武平县,25.1357,116.08231
四川省,乐山市,沙湾区,29.42442,103.51449
黑龙江省,双鸭山市,饶河县,47.13028,133.61799
辽宁省,丹东市,凤城市,40.52861,124.04944
河北省,承德市,兴隆县,40.40002,117.7265
江西省,抚州市,宜黄县,27.39263,116.21347
云南省,临沧市,镇康县,23.89288,98.99242
四川省,雅安市,天全县,30.08619,102.59264
云南省,大理白族自治州,云龙县,25.96319,99.3457
黑龙江省,黑河市,嫩江县,49.34575,125.9677
湖北省,孝感市,安陆市,31.31822,113.65348
云南省,大理白族自治州,漾濞彝族自治县,25.64888,99.89682
吉林省,四平市,梨树县,43.38389,124.44722
广东省,茂名市,信宜市,22.48982,111.04284
安徽省,宣城市,绩溪县,30.15238,118.67569
山西省,临汾市,尧都区,36.12249,111.49538
吉林省,白城市,大安市,45.41972,123.76167
浙江省,宁波市,海曙区,29.85,121.54667
四川省,乐山市,井研县,29.62024,104.05196
河北省,邢台市,清河县,37.072,115.66
四川省,四川省,达县,31.11631,107.36631
四川省,凉山彝族自治州,布拖县,27.61826,102.76471
湖南省,湘西土家族苗族自治州,龙山县,29.46039,109.43537
河北省,廊坊市,文安县,38.86,116.46
河北省,秦皇岛市,抚宁县,39.98496,119.38562
湖南省,永州市,新田县,25.89139,112.19139
甘肃省,定西市,漳县,34.70616,104.29047
新疆维吾尔自治区,新疆维吾尔自治区,阿图什市,39.66736,76.16805
云南省,红河哈尼族彝族自治州,屏边苗族自治县,23.09035,103.8072
河南省,商丘市,民权县,34.68746,115.16904
四川省,宜宾市,江安县,28.69019,105.10617
吉林省,四平市,铁西区,43.15519,124.36098
广东省,韶关市,新丰县,24.05772,114.15302
河北省,沧州市,运河区,38.31167,116.85
海南省,海南省,昌江黎族自治县,19.19436,109.04275
重庆市,重庆市,南川市,29.14522,107.15355
新疆维吾尔自治区,喀什地区,英吉沙镇,38.92213,76.1668
新疆维吾尔自治区,新疆维吾尔自治区,阿克陶县,39.08333,75.98333
山东省,烟台市,芝罘区,37.51687,121.35259
辽宁省,鞍山市,立山区,41.14167,123.01722
河北省,保定市,安新县,38.91667,115.93333
安徽省,滁州市,琅琊区,32.287,118.29807
四川省,遂宁市,蓬溪县,30.7271,105.6477
广西壮族自治区,钦州市,钦州市,21.95,108.61667
云南省,玉溪市,华宁县,24.26404,103.01806
新疆维吾尔自治区,阿勒泰地区,富蘊縣,46.9922,89.52518
四川省,成都市,龙泉驿区,30.55048,104.26956
四川省,乐山市,沐川县,29.03139,103.76401
广东省,江门市,鹤山市,22.66376,112.80011
陝西省,咸阳市,永寿县,34.81389,108.16833
江苏省,南京市,高淳县,31.33527,118.96277
湖南省,衡阳市,常宁市,26.96461,112.61168
贵州省,黔西南布依族苗族自治州,册亨县,24.96433,105.7943
山东省,德州市,武城县,37.21724,116.08287
新疆维吾尔自治区,乌鲁木齐市,沙依巴克區,43.80121,87.58541
河北省,邢台市,临西县,36.86667,115.53333
甘肃省,临夏回族自治州,临夏市,35.58234,103.20548
江苏省,淮安市,盱眙县,32.91963,118.54769
黑龙江省,黑龙江省,永红区,46.82462,130.39947
山西省,山西省,长治郊区,36.19191,113.107
北京市,北京市,通州区,39.80881,116.72402
贵州省,遵义市,绥阳县,28.09506,107.23238
甘肃省,酒泉市,玉门市,40.19619,97.45453
湖南省,娄底市,新化县,27.83896,111.28338
湖北省,十堰市,竹山县,32.31647,110.15638
四川省,凉山彝族自治州,喜德县,28.19538,102.32121
河南省,商丘市,睢阳区,34.38576,115.61945
湖北省,黄冈市,武穴市,30.02411,115.62743
云南省,怒江傈僳族自治州,贡山独龙族怒族自治县,27.84166,98.67004
内蒙古自治区,锡林郭勒盟,阿巴嘎旗,44.16333,114.88161
湖北省,黄冈市,蕲春县,30.45412,115.64703
福建省,南平市,顺昌县,26.88664,117.88096
广东省,汕头市,南澳县,23.43066,117.04015
河北省,石家庄市,裕华区,38,114.53611
宁夏回族自治区,石嘴山市,大武口区,39.08357,106.30722
内蒙古自治区,锡林郭勒盟,正镶白旗,42.53226,114.99251
四川省,宜宾市,高县,28.50036,104.51667
四川省,绵阳市,江油市,31.89905,104.86212
广东省,惠州市,博罗县,23.37927,114.2847
西藏自治区,那曲地区,安多县,32.32257,91.22713
甘肃省,张掖市,肃南裕固族自治县,39.05405,99.09189
湖南省,岳阳市,临湘市,29.49503,113.54174
甘肃省,天水市,武山县,34.6369,104.8849
陝西省,榆林市,米脂县,37.83417,110.19
贵州省,铜仁地区,印江土家族苗族自治县,27.88784,108.46203
山东省,威海市,环翠区,37.38361,122.12
安徽省,滁州市,凤阳县,32.7777,117.6071
新疆维吾尔自治区,阿勒泰地区,布尔津县,48.3672,87.23694
河北省,邯郸市,鸡泽县,36.9,114.86667
河北省,衡水市,安平县,38.21667,115.53333
黑龙江省,绥化市,安达市,46.41301,125.37855
福建省,三明市,尤溪县,26.1207,118.24666
四川省,成都市,大邑县,30.62286,103.4294
西藏自治区,拉萨市,当雄县,30.51789,90.76277
四川省,达州市,开江县,31.08073,107.88497
吉林省,通化市,东昌区,41.69667,125.95667
辽宁省,铁岭市,清河区,42.48889,124.28167
云南省,保山市,施甸县,24.7191,99.2029
云南省,昆明市,石林彝族自治县,24.74775,103.38942
广西壮族自治区,南宁市,宾阳县,23.2,108.8
河北省,唐山市,开平区,39.70587,118.27805
湖南省,常德市,澧县,29.78583,111.67179
四川省,绵阳市,北川羌族自治县,31.97191,104.29346
四川省,广元市,利州区,32.46298,105.88139
湖南省,邵阳市,城步苗族自治县,26.33167,110.30406
山东省,菏泽市,东明县,35.19228,115.07094
新疆维吾尔自治区,和田地区,和田市,37.15655,79.91842
河南省,洛阳市,栾川县,33.90635,111.63808
河北省,河北省,唐海县,39.26651,118.38654
江西省,南昌市,东湖区,28.7,115.85
浙江省,湖州市,吴兴区,30.85878,120.11734
山东省,青岛市,李沧区,36.17981,120.41849
内蒙古自治区,通辽市,科左中,44.04943,122.5159
浙江省,金华市,兰溪市,29.27567,119.52287
四川省,成都市,双流县,30.46108,104.01897
山西省,长治市,黎城县,36.63478,113.37874
河南省,濮阳市,台前县,35.95741,115.85049
山西省,忻州市,偏关县,39.45777,111.66906
广西壮族自治区,来宾市,象州县,24.02484,109.75147
广东省,清远市,乳源瑶族自治县,24.87853,113.18837
重庆市,-,荣昌县,29.46722,105.50158
宁夏回族自治区,吴忠市,青铜峡市,37.94344,105.96501
江苏省,江苏省,泰县,32.51667,120.15
河北省,保定市,清苑县,38.76667,115.48333
安徽省,合肥市,瑶海区,31.84208,117.30701
山西省,晋中市,榆次区,37.61784,112.84673
辽宁省,沈阳市,大东区,41.82139,123.50278
河南省,许昌市,禹州市,34.20388,113.37874
西藏自治区,山南地区,穷结县,29.03588,91.62281
内蒙古自治区,赤峰市,元宝山区,42.04887,119.28282
广西壮族自治区,来宾市,武宣镇,23.6,109.65
内蒙古自治区,赤峰市,林西县,43.61683,118.04245
四川省,眉山市,彭山县,30.25131,103.84901
陝西省,汉中市,勉县,33.20056,106.65
吉林省,白山市,江源县,42.06619,126.83865
江苏省,盐城市,大丰区,33.21021,120.55451
云南省,玉溪市,峨山彝族自治县,24.20824,102.21143
浙江省,宁波市,余姚市,30.07205,121.15208
河南省,洛阳市,孟津县,34.82412,112.4755
云南省,怒江傈僳族自治州,泸水县,26.20326,98.87247
广西壮族自治区,崇左市,凭祥市,22.09,106.75
山西省,晋中市,平遥县,37.13939,112.285
四川省,甘孜藏族自治州,泸定县,29.78624,102.06762
山东省,枣庄市,台儿庄区,34.56472,117.65806
浙江省,金华市,武义县,28.9,119.8
山西省,太原市,杏花岭区,37.88056,112.56657
黑龙江省,齐齐哈尔市,克东县,47.95409,126.43835
陝西省,榆林市,靖边县,37.48215,108.80463
安徽省,蚌埠市,坏远县,33.04826,117.01941
福建省,三明市,明溪县,26.33577,117.23762
浙江省,绍兴市,绍兴县,29.89361,120.51797
黑龙江省,齐齐哈尔市,龙江县,47.20415,123.17785
湖北省,武汉市,江岸区,30.59972,114.30944
黑龙江省,大庆市,林甸县,47.19438,124.89281
江苏省,泰州市,高港区,32.31854,119.88179
云南省,大理白族自治州,鹤庆县,26.29627,100.27293
河南省,焦作市,温县,34.94792,113.05215
陝西省,安康市,镇坪县,31.90889,109.4675
山东省,济宁市,嘉祥县,35.44583,116.30111
云南省,昭通市,彝良县,27.68117,104.18033
湖南省,郴州市,北湖区,25.74037,112.96881
河南省,洛阳市,涧西区,34.67167,112.3722
江西省,宜春市,铜鼓县,28.62932,114.3878
云南省,楚雄彝族自治州,楚雄市,24.87195,101.38735
江西省,抚州市,金溪县,27.93245,116.7246
辽宁省,大连市,长海县,39.27239,122.58032
吉林省,松原市,前郭尔罗斯蒙古族自治县,44.74056,124.57472
辽宁省,葫芦岛市,绥中县,40.4375,119.93056
黑龙江省,佳木斯市,汤原县,47.0358,130.01874
浙江省,温州市,乐清市,28.2537,121.00396
黑龙江省,黑河市,爱辉区,50.09688,126.85028
广东省,揭阳市,普宁市,23.42853,116.16902
黑龙江省,黑龙江省,林口县,45.3827,130.09184
江西省,南昌市,青山湖区,28.68396,115.95972
重庆市,-,巫山县,31.1171,109.89561
云南省,曲靖市,麒麟区,25.39333,103.86482
河南省,鹤壁市,淇滨区,35.74278,114.31417
安徽省,池州市,石台县,30.19853,117.56081
湖北省,宜昌市,秭归县,30.91876,110.69763
吉林省,辽源市,龙山区,42.90144,125.13246
四川省,阿坝藏族羌族自治州,红原县,32.77647,102.6526
江西省,九江市,都昌县,29.35045,116.30372
四川省,甘孜藏族自治州,甘孜县,32.04519,99.84016
河北省,保定市,顺平县,38.81667,115.11667
广东省,广州市,从化市,23.63054,113.6651
湖南省,永州市,江华瑶族自治县,25.02361,111.75
辽宁省,大连市,瓦房店市,39.7125,121.75528
山西省,长治市,平顺县,36.20333,113.43667
江苏省,徐州市,沛县,34.68737,116.92484
湖北省,黄石市,西塞山区,30.18669,115.10449
浙江省,金华市,浦江县,29.47084,119.81807
天津市,天津市,河西区,39.15927,117.22301
山西省,大同市,阳高县,40.29017,113.69331
青海省,海东市,互助土族自治县,36.80041,102.13737
四川省,宜宾市,珙县,28.20128,104.76536
安徽省,安庆市,怀宁县,30.57478,116.82635
湖北省,湖北省,天门市,30.67361,113.14486
安徽省,阜阳市,颍泉区,32.92506,115.83415
山东省,潍坊市,潍城区,36.70639,119.05389
山西省,晋中市,寿阳县,37.80513,113.12072
陝西省,渭南市,潼关县,34.48639,110.26361
河北省,邯郸市,峰峰矿区,36.44667,114.2
广东省,汕头市,濠江区,23.28247,116.72471
四川省,泸州市,江阳区,28.88019,105.41033
山东省,临沂市,莒南县,35.20139,118.88722
广西壮族自治区,百色市,田林县,24.3,106.21667
新疆维吾尔自治区,喀什地区,喀什市,39.48333,75.96667
山东省,滨州市,邹平县,36.94639,117.70417
河北省,河北省,桥东区,37.08,114.50889
黑龙江省,大庆市,让胡路区,46.65142,124.79998
四川省,内江市,东兴区,29.62419,105.13662
山东省,菏泽市,单县,34.74392,116.08493
浙江省,金华市,磐安县,29.04216,120.56926
河北省,邯郸市,馆陶县,36.61279,115.28847
山东省,淄博市,淄川区,36.60167,117.98583
上海市,上海市,崇明区,31.63134,121.53378
广东省,韶关市,翁源县,24.41152,114.05403
河南省,南阳市,内乡县,33.2101,111.85531
安徽省,池州市,贵池区,30.46011,117.4581
吉林省,通化市,二道江区,41.74389,126.02611
新疆维吾尔自治区,塔城地区,和布克赛尔,46.39262,86.2176
福建省,厦门市,翔安区,24.62,118.24
陝西省,西安市,未央区,34.2775,108.91778
江苏省,泰州市,兴化市,32.93403,120.0308
广西壮族自治区,桂林市,雁山区,25.24081,110.29006
广东省,肇庆市,四会市,23.44479,112.67131
吉林省,四平市,公主岭市,43.80556,124.75806
河南省,鹤壁市,山城区,35.87944,114.19833
湖南省,湖南省,照山市,27.88245,112.70821
江西省,上饶市,玉山县,28.77381,118.12277
浙江省,宁波市,北仑区,29.92361,121.83389
广西壮族自治区,柳州市,鱼峰区,24.3225,109.45097
四川省,广安市,武胜县,30.36372,106.23757
河北省,保定市,涞源县,39.31667,114.68333
广西壮族自治区,梧州市,藤县,23.38333,110.9
河北省,保定市,安国市,38.41667,115.31667
江西省,九江市,永修县,29.12813,115.65707
新疆维吾尔自治区,和田地区,和田县,36.08931,79.49572
湖北省,宜昌市,长阳土家族自治县,30.47261,110.86605
山东省,聊城市,茌平县,36.56417,116.26111
黑龙江省,哈尔滨市,通河县,46.23863,128.78689
黑龙江省,齐齐哈尔市,泰来县,46.5848,123.58691
天津市,天津市,南开区,39.10909,117.14947
河南省,驻马店市,驿城区,32.94142,113.93606
云南省,西双版纳傣族自治州,景洪市,22.07406,100.91451
河北省,廊坊市,固安县,39.45,116.3
福建省,闽都,永泰县,25.84633,118.81306
河北省,邯郸市,大名县,36.2,115.3
四川省,遂宁市,安居区,30.32495,105.43484
江苏省,江苏省,江都市,32.5403,119.67425
安徽省,宿州市,砀山县,34.4419,116.47171
江苏省,无锡市,南长区,31.56103,120.30675
河北省,张家口市,桥东区,40.78876,114.88706
辽宁省,抚顺市,清原满族自治县,42.09667,124.89528
江西省,南昌市,南昌县,28.55138,115.93882
山东省,山东省,市中区,34.87387,117.55263
浙江省,台州市,玉环市,28.18462,121.27246
云南省,昭通市,绥江县,28.51902,103.94176
广东省,广东省,清新县,23.88876,112.84868
江西省,萍乡市,湘东区,27.535,113.69652
四川省,甘孜藏族自治州,新龙县,31.09415,100.30982
湖南省,衡阳市,石鼓区,26.88008,112.6092
河北省,邢台市,南和县,36.96667,114.68333
四川省,南充市,仪陇县,31.41958,106.50787
四川省,凉山彝族自治州,会东县,26.59934,102.60131
山东省,菏泽市,成武县,34.98175,115.96791
湖北省,黄冈市,黄梅县,30.12098,116.03251
湖南省,衡阳市,衡东县,27.08519,113.03181
甘肃省,天水市,麦积区,34.3883,106.14428
甘肃省,酒泉市,金塔县,40.45567,99.42816
内蒙古自治区,乌兰察布市,察哈尔右翼中旗,41.31012,112.55741
湖北省,恩施土家族苗族自治州,宣恩县,29.86999,109.54876
河北省,河北省,威县,37.08965,115.39393
四川省,攀枝花市,米易县,26.96898,101.80975
广东省,佛山市,南海区,23.03222,113.14278
四川省,成都市,成华区,30.66489,104.1192
山西省,临汾市,霍州市,36.58627,111.82131
黑龙江省,哈尔滨市,宾县,45.63737,127.70283
江苏省,宿迁市,宿城区,33.975,118.3
河北省,邢台市,沙河市,36.8599,114.50777
广东省,阳江市,阳春市,22.20582,111.65022
河北省,保定市,高阳县,38.7,115.78333
甘肃省,定西市,定西县,35.63845,104.62818
浙江省,杭州市,下城区,30.28249,120.17558
吉林省,白山市,长白朝鲜族自治县,41.56361,127.92667
安徽省,滁州市,明光市,32.80458,118.09488
山东省,菏泽市,郓城县,35.61972,115.85556
河北省,张家口市,宣化县,40.56455,115.02651
吉林省,延边朝鲜族自治州,图们市,42.96667,129.81667
河北省,承德市,滦平县,40.91493,117.3817
安徽省,安庆市,枞阳县,30.85557,117.39431
辽宁省,大连市,普兰店市,39.65944,122.19472
河南省,开封市,兰考县,34.8775,114.96583
山西省,晋城市,晋城城区,35.50677,112.83779
四川省,阿坝藏族羌族自治州,金川县,31.51787,101.8455
陝西省,安康市,岚皋县,32.23878,108.8759
青海省,西宁市,湟中县,36.58755,101.54457
河北省,河北省,桥东区,38.04167,114.53333
山西省,运城市,稷山县,35.5824,110.95596
陝西省,西安市,临潼区,34.36915,109.1915
河北省,邯郸市,成安县,36.41667,114.68333
西藏自治区,那曲地区,索县,31.61374,94.3444
广西壮族自治区,贵港市,平南县,23.55,110.38333
福建省,漳州市,南靖县,24.65354,117.29688
黑龙江省,双鸭山市,宝清县,46.34701,132.24802
江西省,九江市,瑞昌市,29.62091,115.47701
吉林省,吉林市,桦甸市,43.10639,126.975
内蒙古自治区,兴安盟,科尔沁右翼前旗,46.34203,121.26321
广东省,江门市,恩平市,22.25492,112.27987
重庆市,重庆市,酉阳土家族苗族自治县,28.90067,108.79512
辽宁省,沈阳市,沈北新区,42.05056,123.52083
山东省,菏泽市,巨野县,35.30168,115.99355
江苏省,江苏省,沧浪区,31.29543,120.62353
福建省,龙岩市,漳平市,25.344,117.48958
陝西省,延安市,延长县,36.54694,110.05194
广东省,江门市,江海区,22.57694,113.14667
河南省,开封市,禹王台区,34.7829,114.3447
浙江省,绍兴市,诸暨市,29.72035,120.28927
江苏省,无锡市,崇安区,31.58978,120.32284
北京市,北京市,房山区,39.72445,115.84575
西藏自治区,拉萨市,林周县,30.1461,91.34695
山东省,聊城市,东昌府区,36.42194,116.04389
西藏自治区,那曲地区,班戈县,33.21196,89.56778
贵州省,黔西南布依族苗族自治州,晴隆县,25.79306,105.17918
山东省,德州市,乐陵市,37.67528,117.17806
四川省,甘孜藏族自治州,康定县,29.99835,101.94763
辽宁省,朝阳市,建平县,41.83673,119.6245
湖南省,邵阳市,北塔区,27.2153,111.41095
内蒙古自治区,巴彦淖尔市,烏拉特中旗,41.72108,108.39101
湖南省,邵阳市,大祥区,27.18842,111.40948
山西省,吕梁市,交城县,37.65753,111.83621
浙江省,嘉兴市,南湖区,30.74583,120.77678
广西壮族自治区,桂林市,秀峰区,25.27939,110.28035
新疆维吾尔自治区,伊犁哈萨克自治州,奎屯市,44.55134,85.01358
贵州省,遵义市,务川仡佬族苗族自治县,28.66314,107.913
湖北省,湖北省,潜江市,30.35527,112.79923
黑龙江省,大兴安岭地区,呼玛县,51.67277,126.16591
贵州省,安顺市,普定县,26.37786,105.73086
新疆维吾尔自治区,巴音郭楞蒙古自治州,焉耆回族自治县,42.02038,86.28747
重庆市,重庆市,合川市,30.11485,106.30792
黑龙江省,鸡西市,麻山区,45.21062,130.57166
四川省,泸州市,纳溪区,28.73333,105.45
内蒙古自治区,呼和浩特市,武川县,41.10202,111.44734
黑龙江省,伊春市,美溪区,47.65512,129.12537
内蒙古自治区,乌兰察布市,凉城县,40.52135,112.54406
内蒙古自治区,锡林郭勒盟,多伦县,42.21203,116.54471
河南省,许昌市,长葛市,34.22952,113.84806
云南省,文山壮族苗族自治州,丘北县,24.07135,104.13773
江苏省,徐州市,邳州市,34.40145,117.88871
辽宁省,盘锦市,兴隆台区,41.14028,122.07722
湖南省,湘西土家族苗族自治州,泸溪县,28.12143,109.98214
黑龙江省,伊春市,伊春区,47.72822,128.87737
广东省,汕尾市,陆河县,23.25449,115.61555
黑龙江省,牡丹江市,西安区,44.46997,129.57879
福建省,漳州市,东山县,23.7135,117.42221
湖北省,黄冈市,罗田县,31.04662,115.49627
云南省,曲靖市,师宗县,24.71302,104.06694
四川省,泸州市,合江县,28.79763,105.89787
云南省,文山壮族苗族自治州,麻栗坡县,23.22953,104.90717
新疆维吾尔自治区,阿克苏地区,柯坪县,40.48065,79.03722
贵州省,遵义市,习水县,28.36247,106.35656
安徽省,六安市,霍邱县,32.16336,116.17033
河南省,信阳市,罗山县,32.03196,114.43663
河南省,驻马店市,上蔡县,33.3061,114.4238
山东省,山东省,市中区,35.40553,116.57517
福建省,鲤城,石狮市,24.72338,118.70265
山西省,忻州市,静乐县,38.39599,112.08583
青海省,玉树藏族自治州,称多县,33.99713,96.96568
湖北省,孝感市,应城市,30.96417,113.58306
甘肃省,甘肃省,宁县,35.56405,108.10486
吉林省,通化市,辉南县,42.52917,126.345
四川省,广安市,岳池县,30.51471,106.44901
黑龙江省,双鸭山市,友谊县,46.76596,131.80608
广东省,河源市,源城区,23.73028,114.69
青海省,海东市,循化撒拉族自治县,35.7011,102.44042
浙江省,杭州市,桐庐县,29.83422,119.55116
黑龙江省,齐齐哈尔市,铁锋区,47.28384,124.19043
山东省,潍坊市,高密市,36.35583,119.68222
安徽省,淮南市,凤台县,32.77509,116.57458
贵州省,铜仁地区,石阡县,27.49001,108.20554
山东省,德州市,临邑县,37.22389,116.91639
贵州省,铜仁地区,玉屏侗族自治县,27.33518,109.01254
新疆维吾尔自治区,阿克苏地区,阿瓦提县,40.04236,80.44424
贵州省,黔南布依族苗族自治州,荔波县,25.40081,107.90151
内蒙古自治区,包头市,九原区,40.61299,109.96617
四川省,成都市,新津县,30.44282,103.81667
湖南省,怀化市,通道侗族自治县,26.24389,109.68749
宁夏回族自治区,银川市,西夏区,38.49193,106.1397
辽宁省,辽阳市,文圣区,41.26442,123.18732
甘肃省,平凉市,泾川县,35.34809,107.43136
湖南省,株洲 市,天元区,27.83379,113.09534
河南省,新乡市,牧野区,35.33111,113.88889
云南省,昭通市,昭阳区,27.40352,103.61577
黑龙江省,齐齐哈尔市,甘南县,47.95536,123.99458
河南省,信阳市,固始县,32.13094,115.69483
四川省,成都市,郫县,30.83432,103.8817
安徽省,淮南市,毛集,32.65,116.63333
广东省,茂名市,高州市,22.05425,110.93826
陝西省,汉中市,宁强县,32.94222,106.22639
西藏自治区,日喀则地区,萨噶县,29.44769,85.09122
云南省,昆明市,官渡区,24.92323,102.89202
黑龙江省,哈尔滨市,呼兰区,45.97647,126.5924
内蒙古自治区,锡林郭勒盟,苏尼特右旗,42.8373,112.87195
宁夏回族自治区,中卫市,海原县,36.60617,105.70057
贵州省,毕节地区,赫章县,27.19286,104.63035
安徽省,合肥市,蜀山区,31.83068,117.24454
安徽省,宣城市,郎溪县,31.0986,119.15557
青海省,青海省,茫崖行委,38.26492,90.84804
浙江省,金华市,婺城区,29.12417,119.62489
云南省,楚雄彝族自治州,元谋县,25.71779,101.86133
辽宁省,抚顺市,抚顺县,41.8825,123.90639
陝西省,商洛市,洛南县,34.16194,110.2275
福建省,三明市,三元区,26.23333,117.595
河南省,河南省,杞县,34.51722,114.75861
新疆维吾尔自治区,克拉玛依市,乌尔禾区,45.97692,85.57663
湖北省,武汉市,青山区,30.68568,114.42707
安徽省,淮南市,八公山区,32.63292,116.84003
江苏省,淮安市,淮阴区,33.63505,119.00543
江西省,抚州市,南城县,27.5099,116.69598
广东省,湛江市,麻章区,21.275,110.39167
广西壮族自治区,崇左市,天等县,23.08333,107.06667
湖北省,襄樊市,南漳县,31.63811,111.79091
陝西省,汉中市,汉台区,33.05944,107.02694
湖南省,邵阳市,新宁县,26.55968,110.92806
山东省,淄博市,周村区,36.76972,117.90111
山东省,青岛市,市北区,36.08992,120.36931
四川省,成都市,锦江区,30.65835,104.07997
河南省,许昌市,许昌县,34.06378,113.85948
河北省,廊坊市,安次区,39.51167,116.66667
新疆维吾尔自治区,和田地区,策勒县,37.03333,80.88333
广西壮族自治区,贵港市,贵港市,23.1,109.6
福建省,宁德市,蕉城区,26.77258,119.45231
辽宁省,朝阳市,龙城区,41.65333,120.43444
重庆市,重庆市,大足县,29.65693,105.73551
广西壮族自治区,百色市,田阳县,23.75,106.9
浙江省,台州市,临海市,28.85459,121.20713
山东省,烟台市,莱山区,37.45836,121.42186
内蒙古自治区,呼伦贝尔市,牙克石市,49.32123,121.27807
湖南省,怀化市,鹤城区,27.55844,109.96334
贵州省,贵阳市,南明区,26.53656,106.72996
湖南省,永州市,宁远县,25.67056,111.98972
江西省,赣州市,龙南县,24.77835,114.66503
四川省,雅安市,石棉县,29.21714,102.31927
甘肃省,定西市,临洮县,35.52163,103.99071
江苏省,盐城市,东台市,32.8214,120.57069
江苏省,宿迁市,泗阳县,33.7858,118.66258
浙江省,金华市,永康市,28.93754,120.0979
广东省,广州市,天河区,23.12,113.39083
云南省,丽江市,华坪县,26.65936,101.27893
海南省,海南省,保亭黎族苗族自治县,18.59444,109.64833
广西壮族自治区,柳州市,柳城县,24.65,109.23333
江西省,鹰潭市,余江县,28.27589,116.90164
贵州省,黔南布依族苗族自治州,罗甸县,25.48333,106.65
安徽省,淮南市,田家庵区,32.6555,117.04188
黑龙江省,佳木斯市,同江市,47.8586,133.05733
四川省,甘孜藏族自治州,理塘县,30.09806,100.09996
贵州省,黔东南苗族侗族自治州,台江县,26.60951,108.31815
吉林省,延边朝鲜族自治州,敦化市,43.35,128.21667
广西壮族自治区,贵港市,覃塘区,23.13405,109.4478
重庆市,重庆市,永川市,29.29285,105.87008
陝西省,榆林市,子洲县,37.57889,109.8175
广西壮族自治区,玉林市,容县,22.86667,110.55
安徽省,池州市,青阳县,30.59944,117.90197
江西省,吉安市,峡江县,27.61138,115.19122
河南省,商丘市,宁陵县,34.4467,115.29886
天津市,天津市,东丽区,39.13333,117.41999
辽宁省,本溪市,溪湖区,41.31278,123.76778
云南省,临沧市,耿马傣族佤族自治县,23.64119,99.48361
江西省,赣州市,赣县,25.84092,115.09025
新疆维吾尔自治区,塔城地区,裕民县,45.98333,82.46667
湖南省,湘西土家族苗族自治州,花垣县,28.43118,109.42372
山西省,山西省,吉县,36.15875,110.69301
青海省,海南藏族自治州,贵德县,35.98861,101.47139
四川省,宜宾市,柏溪镇,28.70791,104.50132
陝西省,榆林市,佳县,38.0775,110.27417
云南省,普洱市,江城哈尼族彝族自治县,22.61957,101.77819
山西省,吕梁市,兴县,38.37576,111.07268
四川省,宜宾市,筠连县,28.03037,104.53727
广东省,梅州市,兴宁市,24.26197,115.73904
广西壮族自治区,防城港市,东兴市,21.61846,108.04843
江西省,景德镇市,乐平市,28.9756,117.25841
北京市,北京市,延庆县,40.54044,116.15867
江西省,抚州市,黎川县,27.26012,116.95826
青海省,果洛藏族自治州,甘德县,33.98792,100.1878
江苏省,扬州市,广陵区,32.39253,119.43455
贵州省,六盘水市,六枝特区,26.30625,105.32351
河南省,郑州市,荥阳市,34.8085,113.34126
贵州省,黔西南布依族苗族自治州,兴仁县,25.50503,105.19988
四川省,雅安市,荥经县,29.74133,102.70553
新疆维吾尔自治区,克拉玛依市,白碱滩区,45.63421,85.26077
江西省,新余市,渝水区,27.83333,115
浙江省,温州市,瓯海区,27.99184,120.57139
上海市,上海市,虹口区,31.25,121.48333
山东省,滨州市,阳信县,37.67262,117.60944
广西壮族自治区,百色市,德保县,23.33333,106.61667
上海市,上海市,普陀区,31.25539,121.39326
湖南省,永州市,零陵区,26.21667,111.61667
河北省,张家口市,尚义县,41.12914,114.16105
河北省,唐山市,乐亭县,39.34686,118.93255
广东省,广州市,黄埔区,23.10694,113.42528
重庆市,重庆市,长寿区,29.95692,107.13537
湖南省,永州市,冷水滩区,26.45,111.58333
河北省,秦皇岛市,海港区,39.92519,119.56872
吉林省,通化市,柳河县,42.18778,125.89556
湖北省,宜昌市,兴山县,31.30835,110.80395
云南省,玉溪市,通海县,24.09354,102.68952
江西省,九江市,浔阳区,29.73561,116.00425
云南省,大理白族自治州,南涧彝族自治县,24.89589,100.47285
四川省,遂宁市,船山区,30.50391,105.55295
广西壮族自治区,广西壮族自治区,隆林各族自治县,24.71667,105.43333
河南省,开封市,金明区,34.82095,114.31367
江西省,上饶市,婺源县,29.32338,117.75427
青海省,西宁市,平安县,36.39998,101.9975
山西省,运城市,永济市,34.89893,110.47634
浙江省,嘉兴市,嘉善县,30.85,120.9
甘肃省,兰州市,西固区,36.1403,103.55675
内蒙古自治区,内蒙古自治区,莫力达瓦达斡尔族自治旗,48.73228,124.39088
湖南省,怀化市,溆浦县,27.79052,110.63221
云南省,楚雄彝族自治州,武定县,25.67986,102.17361
内蒙古自治区,赤峰市,巴林右旗,43.55045,118.95073
西藏自治区,林芝地区,米林县,29.25636,94.00073
福建省,南平市,延平区,26.58839,118.23
山东省,济宁市,邹城市,35.37833,117.07889
广西壮族自治区,河池市,南丹县,24.98333,107.53333
江西省,赣州市,兴国县,26.39539,115.4352
河南省,许昌市,魏都区,34.03966,113.81397
山东省,烟台市,福山区,37.46714,121.20566
浙江省,嘉兴市,秀洲区,30.76664,120.7022
河北省,邢台市,巨鹿县,37.2,115.02
江西省,吉安市,吉安县,27.02656,114.6366
湖南省,长沙市,浏阳市,28.2363,113.69841
广东省,惠州市,龙门县,23.64886,114.10614
江西省,吉安市,吉水县,27.2468,115.16689
山东省,莱芜市,钢城区,36.05806,117.7575
山西省,山西省,蒲县,36.41862,111.16843
广东省,珠海市,金湾区,22.06722,113.34417
广东省,汕头市,金平区,23.36558,116.69761
吉林省,白山市,临江市,41.84711,126.93006
江苏省,常州市,新北区,31.89084,119.96826
山东省,烟台市,栖霞市,37.30725,120.89097
河北省,石家庄市,平山县,38.25,114.186
云南省,昆明市,嵩明县,25.32931,102.94794
山东省,聊城市,冠县,36.56139,115.51778
湖南省,株洲 市,荷塘区,27.85507,113.18053
辽宁省,鞍山市,岫岩满族自治县,40.29,123.27
贵州省,铜仁地区,思南县,27.8937,108.10428
河南省,濮阳市,华龙区,35.78245,115.0338
江苏省,徐州市,鼓楼区,34.28468,117.17633
内蒙古自治区,呼和浩特市,赛罕区,40.79442,111.6988
西藏自治区,山南地区,浪卡子县,28.72736,90.74908
甘肃省,陇南市,康县,33.24408,105.63074
吉林省,白山市,抚松县,42.26483,127.57128
云南省,玉溪市,江川县,24.31791,102.75306
四川省,内江市,资中县,29.78039,104.81404
河北省,衡水市,深州市,38.01667,115.55
福建省,鲤城,晋江市,24.72585,118.54472
福建省,漳州市,龙文区,24.48009,117.71091
湖北省,十堰市,张湾区,32.63925,110.75118
湖南省,邵阳市,隆回县,27.30826,110.94926
上海市,上海市,静安区,31.23333,121.41667
河北省,张家口市,涿鹿县,40.09095,115.23987
贵州省,安顺市,关岭布依族苗族自治县,25.95,105.63333
河北省,衡水市,阜城县,37.9098,116.32473
山东省,泰安市,泰山区,36.20472,117.15944
内蒙古自治区,鄂尔多斯市,乌审旗,38.59657,108.82552
西藏自治区,日喀则地区,仲巴县,30.38624,83.73676
湖北省,咸宁市,崇阳县,29.5456,114.17435
江西省,萍乡市,安源区,27.63505,113.8099
湖北省,荆门市,东宝区,31.04864,112.18239
辽宁省,沈阳市,康平县,42.745,123.36917
四川省,阿坝藏族羌族自治州,茂县,31.85668,103.64464
四川省,阿坝藏族羌族自治州,理县,31.58803,103.02104
辽宁省,营口市,西市区,40.65943,122.18044
黑龙江省,大兴安岭地区,塔河县,52.59241,124.73195
四川省,阿坝藏族羌族自治州,九寨沟县,33.34447,103.99213
辽宁省,沈阳市,沈河区,41.85667,123.45333
河北省,衡水市,景县,37.65448,116.18777
江苏省,镇江市,京口区,32.20893,119.46221
新疆维吾尔自治区,乌鲁木齐市,天山区,43.7944,87.63168
青海省,黄南藏族自治州,同仁县,35.41027,102.08125
安徽省,芜湖市,镜湖区,31.32436,118.38078
湖北省,黄冈市,红安县,31.34014,114.62084
河北省,石家庄市,赞皇县,37.65,114.38
新疆维吾尔自治区,昌吉回族自治州,吉木萨尔县,44.2945,89.02968
四川省,资阳市,乐至县,30.30817,105.02615
江西省,抚州市,乐安县,27.38549,115.83676
四川省,乐山市,金口河区,29.31656,103.04216
湖南省,衡阳市,祁东县,26.74283,112.01286
江苏省,宿迁市,沭阳县,34.13538,118.84634
湖北省,荆门市,掇刀区,30.97544,112.20128
湖南省,湘潭市,岳塘区,27.85635,112.97234
广东省,肇庆市,怀集县,23.98378,112.20134
福建省,鲤城,惠安县,24.98068,118.80178
辽宁省,辽阳市,灯塔市,41.42,123.33
天津市,天津市,北辰区,39.26653,117.1677
贵州省,贵阳市,开阳县,27.10371,107.00756
江苏省,宿迁市,泗洪县,33.46021,118.27661
云南省,文山壮族苗族自治州,马关县,22.97996,104.30216
贵州省,黔西南布依族苗族自治州,贞丰县,25.4549,105.6417
江苏省,镇江市,句容市,31.93096,119.19486
内蒙古自治区,通辽市,开鲁县,43.65878,121.27433
湖北省,黄冈市,黄州区,30.53151,114.91561
西藏自治区,日喀则地区,白朗县,28.82763,89.13413
山东省,潍坊市,寒亭区,36.77556,119.14444
黑龙江省,哈尔滨市,巴彦县,46.32894,127.31587
山东省,济南市,天桥区,36.70981,116.9941
广东省,梅州市,梅县区,24.22413,116.02394
云南省,大理白族自治州,巍山彝族回族自治县,25.25421,100.16677
内蒙古自治区,乌兰察布市,丰镇市,40.50737,113.19126
陝西省,安康市,紫阳县,32.44794,108.43562
新疆维吾尔自治区,昌吉回族自治州,昌吉市,44.05048,87.20885
贵州省,贵阳市,息烽县,27.14907,106.66349
江西省,九江市,修水县,29.00208,114.39479
广西壮族自治区,梧州市,蒙山县,24.2,110.51667
西藏自治区,昌都市,类乌齐县,31.44294,96.42606
广东省,深圳市,南山区,22.53806,113.91472
广东省,广州市,白云区,23.14222,113.26056
山东省,枣庄市,滕州市,35.1,117.15
西藏自治区,日喀则地区,拉孜县,29.18408,87.92447
黑龙江省,绥化市,绥棱县,47.57013,127.68525
甘肃省,甘肃省,合作市,34.9703,103.00809
河南省,南阳市,宛城区,33.00681,112.53702
辽宁省,锦州市,北镇市,41.59611,121.79278
黑龙江省,双鸭山市,集贤县,46.79831,131.17937
新疆维吾尔自治区,喀什地区,伽师县,39.60352,77.25986
黑龙江省,佳木斯市,富锦市,47.17439,132.51679
贵州省,黔东南苗族侗族自治州,黄平县,26.95358,107.84583
内蒙古自治区,呼伦贝尔市,扎兰屯市,47.93908,122.54201
广东省,云浮市,罗定市,22.68054,111.46488
云南省,普洱市,景东彝族自治县,24.44176,100.84485
四川省,眉山市,丹棱县,30.03497,103.40781
福建省,三明市,梅列区,26.28333,117.645
山东省,济南市,章丘市,36.75833,117.49139
内蒙古自治区,巴彦淖尔市,磴口县,40.45188,106.73878
甘肃省,平凉市,崇信县,35.24792,106.99208
黑龙江省,鸡西市,恒山区,45.16601,130.9288
云南省,昭通市,威信县,27.89784,104.94992
黑龙江省,伊春市,金山屯区,47.45807,129.50143
新疆维吾尔自治区,新疆维吾尔自治区,新源县,43.37114,83.51053
福建省,鲤城,南安市,24.99583,118.40749
陝西省,渭南市,澄城县,35.275,109.81444
河南省,南阳市,西峡县,33.47954,111.43098
辽宁省,铁岭市,西丰县,42.73333,124.7
湖南省,永州市,东安县,26.47429,111.33025
河北省,沧州市,泊头市,38.06,116.56
河北省,保定市,新市区,38.85,115.44
吉林省,吉林市,舒兰市,44.29944,127.17194
广西壮族自治区,南宁市,邕宁县,22.65513,108.49389
黑龙江省,哈尔滨市,木兰县,46.25763,127.95504
甘肃省,甘南藏族自治州,碌曲县,34.32786,102.34672
宁夏回族自治区,中卫市,中宁县,37.49588,105.77593
四川省,成都市,崇州市,30.73303,103.5637
广东省,潮州市,湘桥区,23.67601,116.62032
广东省,揭阳市,揭西县,23.49038,115.95392
广西壮族自治区,河池市,宜州市,24.5,108.66667
湖南省,常德市,临澧县,29.52332,111.59428
四川省,资阳市,雁江区,30.10523,104.73662
山西省,长治市,沁源县,36.70724,112.25806
湖北省,孝感市,云梦县,31.03687,113.78959
湖南省,长沙市,岳麓区,28.19628,112.93703
湖北省,恩施土家族苗族自治州,鹤峰县,29.9307,110.20807
湖南省,永州市,道县,25.47124,111.61186
山东省,东营市,广饶县,37.06667,118.36667
西藏自治区,西藏自治区,妥坝县,31.31667,97.7
贵州省,铜仁地区,松桃苗族自治县,28.06532,109.07783
河南省,驻马店市,汝南县,32.92658,114.30059
广西壮族自治区,贺州市,贺州市,24.4,111.5
江西省,南昌市,青云谱区,28.58333,115.91667
浙江省,宁波市,宁海县,29.34592,121.44759
山西省,晋城市,阳城县,35.39193,112.36619
福建省,龙岩市,长汀县,25.67974,116.33301
山西省,太原市,尖草坪区,37.94461,112.48269
湖北省,荆州市,沙市区,30.34973,112.38918
河南省,驻马店市,西平县,33.37634,113.91197
福建省,南平市,邵武市,27.22952,117.48876
广东省,珠海市,斗门区,22.21682,113.25691
新疆维吾尔自治区,塔城地区,乌苏市,44.45731,84.22119
湖南省,岳阳市,云溪区,29.51819,113.28196
陝西省,铜川市,耀州区,34.90603,108.9768
陝西省,咸阳市,三原县,34.68472,108.9375
广东省,广州市,荔湾区,23.11556,113.23833
西藏自治区,昌都市,洛隆县,30.76446,95.9039
四川省,自贡市,富顺县,29.11142,105.00981
甘肃省,张掖市,山丹县,38.53086,101.22603
江西省,抚州市,广昌县,26.76637,116.35149
陝西省,安康市,旬阳县,32.90639,109.41667
贵州省,遵义市,道真仡佬族苗族自治县,28.9333,107.61958
辽宁省,丹东市,东港市,39.96024,123.858
安徽省,宣城市,旌德县,30.31859,118.50412
云南省,曲靖市,宣威市,26.27022,104.11807
甘肃省,平凉市,华亭县,35.2054,106.60142
青海省,果洛藏族自治州,玛沁县,34.6078,99.7033
山东省,聊城市,临清市,36.81861,115.79944
浙江省,宁波市,奉化市,29.60773,121.38888
湖南省,邵阳市,武冈市,26.75875,110.7086
山西省,朔州市,朔城区,39.31667,112.41667
重庆市,重庆市,九龙坡区,29.43604,106.36034
浙江省,金华市,东阳市,29.24903,120.37757
广西壮族自治区,南宁市,隆安县,23.18333,107.68333
河南省,鹤壁市,鹤山区,35.9425,114.19389
贵州省,遵义市,红花岗区,27.64696,106.88635
甘肃省,庆阳市,西峰市,35.66862,107.67474
山西省,吕梁市,中阳县,37.26588,111.21364
云南省,红河哈尼族彝族自治州,元阳县,23.23222,102.80833
吉林省,白城市,洮北区,45.57493,122.83259
陝西省,延安市,吴起县,36.92552,108.05219
江苏省,苏州市,常熟市,31.64841,120.7497
河南省,郑州市,金水区,34.81756,113.73921
广东省,汕尾市,城区,22.80722,115.41222
内蒙古自治区,呼和浩特市,玉泉区,40.77569,111.64983
河北省,保定市,唐县,38.739,114.96
河北省,邯郸市,武安市,36.75,114.2
云南省,文山壮族苗族自治州,砚山县,23.69962,104.49344
浙江省,绍兴市,越城区,30.00903,120.56924
云南省,临沧市,凤庆县,24.51573,99.90534
浙江省,台州市,温岭市,28.3982,121.4075
浙江省,绍兴市,嵊州市,29.63426,120.767
吉林省,长春市,朝阳区,43.83023,125.2824
湖南省,益阳市,南县,29.24526,112.44095
湖北省,恩施土家族苗族自治州,恩施市,30.35275,109.50851
黑龙江省,七台河市,新兴区,45.79282,130.88752
河南省,安阳市,内黄县,35.90944,114.81111
宁夏回族自治区,中卫市,沙坡头区,37.32999,105.16712
陝西省,汉中市,洋县,33.33889,107.58111
云南省,文山壮族苗族自治州,广南县,24.0749,105.07669
安徽省,蚌埠市,五河县,33.14203,117.72531
辽宁省,沈阳市,铁西区,41.79528,123.35472
河北省,保定市,蠡县,38.48333,115.56667
广西壮族自治区,河池市,环江毛南族自治县,24.83333,108.25
广西壮族自治区,梧州市,苍梧县,23.41667,111.23333
湖北省,武汉市,武昌区,30.61093,114.35327
湖北省,宜昌市,枝江市,30.46271,111.70611
新疆维吾尔自治区,巴音郭楞蒙古自治州,且末县,37.99824,85.81293
安徽省,蚌埠市,固镇县,33.24363,117.36978
安徽省,安庆市,宿松县,30.11875,116.25098
青海省,海东市,化隆回族自治县,36.0436,102.21944
广西壮族自治区,柳州市,融安县,25.15395,109.50282
河南省,漯河市,召陵区,33.5729,114.18229
四川省,泸州市,古蔺县,27.96892,105.93141
黑龙江省,牡丹江市,阳明区,44.58727,129.74213
新疆维吾尔自治区,乌鲁木齐市,头屯河区,43.93557,87.37999
广东省,广东省,揭东县,23.62066,116.31007
山东省,滨州市,惠民县,37.37778,117.62944
辽宁省,沈阳市,苏家屯区,41.64917,123.3425
山东省,山东省,四方区,36.1248,120.36617
四川省,雅安市,雨城区,29.96431,103.01696
新疆维吾尔自治区,巴音郭楞蒙古自治州,和静县,42.31639,86.38278
青海省,海西蒙古族藏族自治州,都兰县,36.06316,97.19256
河北省,保定市,雄县,38.98333,116.1
四川省,资阳市,简阳市,30.39673,104.49116
新疆维吾尔自治区,喀什地区,疏附县,39.45,75.86667
安徽省,阜阳市,颍东区,32.9151,115.87133
山东省,聊城市,高唐县,36.85444,116.26806
吉林省,长春市,宽城区,43.90309,125.31761
甘肃省,陇南市,武都县,33.21701,105.14614
河北省,张家口市,下花园区,40.5,115.3
云南省,玉溪市,红塔区,24.31484,102.50421
青海省,海西蒙古族藏族自治州,格尔木市,36.73975,93.54239
江西省,上饶市,铅山县,28.11465,117.72128
广东省,广东省,海康县,20.91667,110.06667
辽宁省,鞍山市,千山区,41.06639,122.95417
黑龙江省,鸡西市,城子河区,45.35078,130.99711
江西省,吉安市,遂川县,26.34812,114.39818
江苏省,淮安市,金湖县,33.04559,119.11914
河北省,邯郸市,邯郸县,36.566,114.53
新疆维吾尔自治区,新疆维吾尔自治区,尼勒克县,43.80146,83.22279
四川省,绵阳市,盐亭县,31.27254,105.45918
河南省,洛阳市,西工区,34.68694,112.42306
新疆维吾尔自治区,阿克苏地区,库车县,41.79214,83.45912
西藏自治区,山南地区,加查县,29.30278,92.72511
河北省,邢台市,隆尧县,37.35,114.77
甘肃省,武威市,古浪县,37.53175,103.35168
广东省,韶关市,乐昌市,25.28322,113.25056
浙江省,杭州市,余杭区,30.41667,120.3
内蒙古自治区,呼伦贝尔市,新巴爾虎右旗,48.74369,116.84987
四川省,绵阳市,涪城区,31.44937,104.76476
福建省,鲤城,永春县,25.36205,118.13659
山东省,威海市,乳山市,36.9925,121.54083
四川省,阿坝藏族羌族自治州,黑水县,32.23529,103.05557
黑龙江省,伊春市,翠峦区,47.69098,128.55236
湖北省,襄樊市,保康县,31.71622,111.17509
云南省,昆明市,东川区,26.09401,103.06171
陝西省,咸阳市,武功县,34.29111,108.1775
湖南省,邵阳市,邵阳县,26.95894,111.28309
新疆维吾尔自治区,巴音郭楞蒙古自治州,罗布淖尔,40.84847,86.90907
青海省,海西蒙古族藏族自治州,冷湖行委,38.73212,93.33522
河北省,沧州市,南皮县,38.01961,116.86883
四川省,成都市,邛崃市,30.41667,103.40815
陝西省,咸阳市,秦都区,34.31056,108.68056
四川省,遂宁市,大英县,30.575,105.29265
山东省,济宁市,泗水县,35.65139,117.31306
贵州省,遵义市,桐梓县,28.42088,106.8693
黑龙江省,大庆市,红岗区,46.37812,124.88507
云南省,西双版纳傣族自治州,勐腊县,21.7424,101.48905
贵州省,遵义市,仁怀市,27.88569,106.44454
江苏省,苏州市,昆山市,31.34497,120.97052
广西壮族自治区,柳州市,柳北区,24.36423,109.40329
广西壮族自治区,桂林市,象山区,25.26646,110.28101
云南省,昆明市,呈贡县,24.89646,102.7965
广西壮族自治区,河池市,都安瑶族自治县,24.01667,108.1
湖北省,武汉市,江夏区,30.40506,114.36591
湖南省,娄底市,涟源市,27.68724,111.80547
湖北省,鄂州市,华容区,30.61298,114.77984
云南省,楚雄彝族自治州,禄丰县,25.14756,101.9766
四川省,雅安市,宝兴县,30.54327,102.72735
山西省,晋中市,和顺县,37.35288,113.45132
湖南省,衡阳市,衡南县,26.6945,112.50454
山东省,枣庄市,山亭区,35.06056,117.43694
四川省,广安市,广安区,30.59578,106.7569
山西省,晋城市,泽州县,35.42746,112.90303
黑龙江省,伊春市,乌伊岭区,48.58076,129.39001
贵州省,毕节地区,织金县,26.73619,105.78924
湖南省,衡阳市,衡阳县,27.08495,112.37444
河南省,南阳市,南召县,33.47145,112.38383
辽宁省,辽阳市,宏伟区,41.21102,123.2021
辽宁省,沈阳市,和平区,41.7475,123.38861
河北省,廊坊市,三河市,39.98333,117.06667
吉林省,延边朝鲜族自治州,汪清县,43.32376,129.7446
安徽省,铜陵市,铜官山区,30.9113,117.81339
广东省,梅州市,五华县,23.77237,115.69284
湖南省,岳阳市,汨罗市,28.78971,113.11515
青海省,海南藏族自治州,共和县,36.5091,100.13299
湖南省,株洲 市,株洲县,27.55464,113.10259
陝西省,渭南市,富平县,34.90244,109.22785
内蒙古自治区,呼伦贝尔市,鄂温克族自治旗,48.96084,119.87462
安徽省,蚌埠市,蚌山区,32.93303,117.34198
安徽省,宿州市,灵璧县,33.67881,117.53938
广西壮族自治区,贺州市,钟山县,24.5,111.3
福建省,龙岩市,上杭县,25.09661,116.52043
湖北省,鄂州市,梁子湖区,30.16079,114.73852
重庆市,重庆市,北碚区,29.86407,106.51078
山东省,潍坊市,奎文区,36.71371,119.13923
四川省,绵阳市,梓潼县,31.65785,105.18333
广西壮族自治区,来宾市,忻城县,24.06667,108.66667
内蒙古自治区,呼伦贝尔市,满洲里市,49.47192,117.68293
山东省,菏泽市,曹县,34.88667,115.49472
广东省,韶关市,南雄市,25.18938,114.37718
四川省,巴中市,平昌县,31.60884,107.14249
浙江省,衢州市,衢江区,28.959,118.86861
云南省,保山市,福贡县,26.96667,98.9
广东省,清远市,连南瑶族自治县,24.57796,112.26432
河北省,保定市,阜平县,38.84,114.18
陝西省,商洛市,商南县,33.42306,110.76833
浙江省,丽水市,松阳县,28.45,119.489
云南省,曲靖市,富源县,25.59907,104.22444
河北省,邯郸市,曲周县,36.76667,114.93333
甘肃省,甘南藏族自治州,卓尼县,34.52859,103.26588
上海市,上海市,徐汇区,31.1637,121.42799
贵州省,铜仁地区,沿河土家族自治县,28.59282,108.35015
广西壮族自治区,贺州市,昭平县,24.12362,110.96062
河北省,唐山市,古冶区,39.7128,118.43202
河北省,石家庄市,鹿泉市,38.07825,114.32969
甘肃省,平凉市,灵台县,35.06197,107.42585
宁夏回族自治区,银川市,灵武市,37.93495,106.54173
广东省,惠州市,惠城区,23.10236,114.39266
河南省,三门峡市,渑池县,34.84199,111.78017
云南省,大理白族自治州,永平县,25.40889,99.67116
浙江省,衢州市,柯城区,28.96667,118.83333
四川省,成都市,彭州市,31.11408,103.92189
广东省,湛江市,赤坎区,21.28228,110.36376
黑龙江省,佳木斯市,郊区,46.81296,130.32761
西藏自治区,昌都市,贡觉县,30.74554,98.49584
浙江省,绍兴市,柯桥街道,30.07265,120.48644
湖南省,怀化市,中方县,27.48677,110.06902
河南省,鹤壁市,淇县,35.66297,114.1686
安徽省,安徽省,黟县,30.01427,117.90309
天津市,天津市,塘沽区,39.05505,117.64488
安徽省,滁州市,南谯区,32.30825,118.29342
辽宁省,营口市,站前区,40.672,122.25363
陝西省,延安市,安塞县,36.97361,109.19583
四川省,巴中市,巴州区,31.7879,106.72778
新疆维吾尔自治区,新疆维吾尔自治区,察布查尔锡伯自治县,43.62921,81.12488
甘肃省,甘南藏族自治州,夏河县,35.04193,102.48592
江西省,上饶市,信州区,28.43932,117.97787
浙江省,嘉兴市,海盐县,30.51667,120.95
河南省,信阳市,淮滨县,32.44871,115.32189
宁夏回族自治区,固原市,彭阳县,35.97228,106.66491
黑龙江省,伊春市,铁力市,46.8564,128.5499
重庆市,重庆市,綦江县,28.89271,106.6125
甘肃省,临夏回族自治州,康乐县,35.23067,103.59208
甘肃省,陇南市,徽县,33.8652,106.0218
山东省,东营市,垦利县,37.60194,118.74639
广西壮族自治区,南宁市,西乡塘区,22.84001,108.31122
甘肃省,张掖市,甘州区,38.9532,100.4807
福建省,闽都,长乐市,25.89414,119.54833
河北省,张家口市,阳原县,40.1315,114.42953
重庆市,重庆市,沙坪坝区,29.63286,106.36708
北京市,北京市,朝阳区,39.95462,116.5029
云南省,德宏傣族景颇族自治州,梁河县,24.75066,98.30309
辽宁省,铁岭市,银州区,42.28833,123.83861
河北省,张家口市,蔚县,39.86376,114.70751
辽宁省,锦州市,凌海市,41.16,121.36
福建省,南平市,武夷山市,27.70652,118.01678
四川省,泸州市,龙马潭区,28.91288,105.43974
河南省,郑州市,登封市,34.41609,113.04242
江西省,吉安市,新干县,27.74323,115.50484
浙江省,绍兴市,新昌县,29.4202,120.97872
贵州省,毕节地区,威宁彝族回族苗族自治县,27.0349,104.06733
云南省,曲靖市,沾益县,25.76199,103.78582
湖北省,十堰市,茅箭区,32.58586,110.82345
河南省,驻马店市,泌阳县,32.895,113.43528
河南省,周口市,扶沟县,34.09056,114.42056
陝西省,延安市,洛川县,35.75556,109.48861
湖北省,湖北省,夷陵区,30.77473,111.32877
浙江省,嘉兴市,海宁市,30.47844,120.67153
广东省,珠海市,香洲区,22.21806,113.50083
云南省,西双版纳傣族自治州,勐海县,21.9133,100.2532
安徽省,芜湖市,无为县,31.26893,117.85947
山东省,菏泽市,鄄城县,35.56675,115.52573
辽宁省,盘锦市,大洼县,40.99056,122.0725
四川省,宜宾市,兴文县,28.24471,105.13638
江苏省,南京市,鼓楼区,32.05018,118.7244
河南省,三门峡市,义马市,34.7387,111.90282
湖北省,黄石市,大冶市,30.14967,114.93921
山西省,吕梁市,临县,37.9588,110.94814
山西省,长治市,长治县,36.01064,113.06079
山西省,运城市,运城市,35.01667,110.98333
浙江省,金华市,金东区,29.09519,119.69592
河南省,焦作市,博爱县,35.17846,113.06721
云南省,保山市,昌宁县,24.85049,99.59873
江西省,抚州市,崇仁县,27.76679,116.05634
四川省,乐山市,峨眉山市,29.53267,103.38755
辽宁省,朝阳市,喀喇沁左翼蒙古族自治县,41.545,119.88056
吉林省,延边朝鲜族自治州,珲春市,42.96243,130.63647
辽宁省,本溪市,平山区,41.26972,123.74472
四川省,眉山市,洪雅县,29.69635,103.18296
辽宁省,沈阳市,于洪区,41.77972,123.30083
福建省,鲤城,丰泽区,24.88802,118.62876
广东省,韶关市,武江区,24.80083,113.57694
山西省,运城市,绛县,35.48431,111.62825
青海省,黄南藏族自治州,尖扎县,35.88554,101.85708
河北省,衡水市,桃城区,37.72333,115.69722
新疆维吾尔自治区,阿克苏地区,阿克苏市,40.44793,81.15037
江苏省,镇江市,丹阳市,31.95854,119.63219
新疆维吾尔自治区,新疆维吾尔自治区,乌恰县,39.66667,75.11667
湖南省,邵阳市,新邵縣,27.32789,111.45699
湖北省,荆门市,京山县,31.13723,113.12438
湖北省,湖北省,蔡甸区,30.63411,114.05304
浙江省,宁波市,江东区,29.87225,121.57888
云南省,德宏傣族景颇族自治州,陇川县,24.34111,97.94579
云南省,昭通市,水富县,28.49991,104.11649
四川省,四川省,资阳市,30.19944,104.94912
江苏省,南京市,建邺区,32.02341,118.73695
重庆市,重庆市,壁山县,29.56443,106.18899
贵州省,黔东南苗族侗族自治州,榕江县,26.08585,108.45054
黑龙江省,牡丹江市,爱民区,44.707,129.50829
河北省,沧州市,东光县,37.8817,116.67302
广东省,揭阳市,榕城区,23.53917,116.37917
天津市,天津市,大港区,38.75,117.38008
黑龙江省,哈尔滨市,方正县,45.73719,128.9723
陝西省,咸阳市,乾县,34.49694,108.24806
内蒙古自治区,呼和浩特市,土默特左旗,40.7338,111.10343
重庆市,重庆市,黔江区,29.43632,108.70265
河南省,焦作市,武陟县,35.0541,113.39272
四川省,凉山彝族自治州,甘洛县,29.01897,102.71203
广东省,佛山市,禅城区,23.02139,113.12833
四川省,巴中市,通江县,32.16377,107.33008
浙江省,温州市,龙湾区,27.96944,120.75833
辽宁省,抚顺市,新抚区,41.83361,123.9125
浙江省,丽水市,龙泉市,28.08,119.12
甘肃省,甘南藏族自治州,临潭县,34.69795,103.68989
甘肃省,陇南市,两当县,33.79883,106.39551
贵州省,毕节地区,金沙县,27.44153,106.25061
贵州省,黔东南苗族侗族自治州,黎平县,26.206,109.03934
广东省,佛山市,高明区,22.86667,112.83333
山西省,朔州市,右玉县,39.98236,112.39721
山东省,济宁市,任城区,35.36833,116.64194
江苏省,南通市,如东县,32.43162,121.0864
黑龙江省,齐齐哈尔市,克山县,48.06667,125.81511
山东省,济南市,槐荫区,36.62444,116.905
河南省,洛阳市,老城区,34.71083,112.49667
广西壮族自治区,桂林市,灌阳县,25.48333,111.15
云南省,昭通市,大关县,27.81593,103.86681
重庆市,重庆市,潼南县,30.14683,105.8095
辽宁省,本溪市,明山区,41.2975,123.82472
山西省,忻州市,保德县,38.89345,111.17913
内蒙古自治区,呼伦贝尔市,海拉尔区,49.21682,119.76259
黑龙江省,绥化市,北林区,46.67019,126.96528
甘肃省,临夏回族自治州,临夏县,35.49587,102.92077
山东省,烟台市,长岛县,37.92457,120.74049
湖北省,十堰市,房县,32.09552,110.59182
陝西省,宝鸡市,凤县,34.01472,106.77
湖北省,武汉市,黄陂区,31.05675,114.38202
江西省,吉安市,青原区,27.07887,115.00662
辽宁省,葫芦岛市,龙港区,40.76722,120.88917
广东省,茂名市,化州市,21.88502,110.47036
河南省,新乡市,红旗区,35.28778,113.93417
吉林省,辽源市,西安区,42.9321,125.14097
辽宁省,锦州市,太和区,40.99083,121.05556
内蒙古自治区,呼和浩特市,新城区,40.86595,111.66772
浙江省,湖州市,德清县,30.54635,119.96923
河北省,张家口市,沽源县,41.56656,115.69691
山东省,威海市,文登市,37.19083,121.995
四川省,乐山市,马边彝族自治县,28.81798,103.44898
山东省,滨州市,滨城区,37.466,117.93
辽宁省,沈阳市,新民市,42.01306,122.84694
四川省,甘孜藏族自治州,稻城县,28.91598,100.14705
湖北省,荆州市,江陵县,30.12804,112.50447
贵州省,毕节地区,大方县,27.28513,105.66412
河北省,保定市,南市区,38.845,115.51667
辽宁省,辽阳市,白塔区,41.27301,123.1506
山西省,长治市,阳泉郊区,37.9391,113.56831
辽宁省,丹东市,宽甸满族自治县,40.72,124.78
湖北省,武汉市,汉南区,30.31691,114.0809
广西壮族自治区,桂林市,平乐县,24.58855,110.7801
江西省,宜春市,樟树市,28.06574,115.53787
西藏自治区,那曲地区,那曲县,31.21692,91.98751
湖南省,郴州市,汝城县,25.55222,113.6712
河北省,保定市,保定地区,38.86667,115.48333
宁夏回族自治区,固原市,西吉縣,35.96833,105.7173
河南省,焦作市,山阳区,35.18556,113.26556
安徽省,铜陵市,郊区,30.89868,117.7855
湖北省,宜昌市,当阳市,30.83116,111.83337
贵州省,黔东南苗族侗族自治州,天柱县,26.93012,109.26121
陝西省,延安市,甘泉县,36.36833,109.12528
宁夏回族自治区,银川市,贺兰县,38.71573,106.28108
黑龙江省,双鸭山市,宝山区,46.58033,131.3965
山东省,聊城市,东阿县,36.33278,116.26528
黑龙江省,伊春市,新青区,48.24015,129.48794
山西省,吕梁市,方山县,37.89506,111.36525
河南省,三门峡市,陕县,34.63263,111.37852
内蒙古自治区,锡林郭勒盟,镶黄旗,42.31009,114.09181
四川省,凉山彝族自治州,美姑县,28.41178,102.99639
辽宁省,沈阳市,皇姑区,41.8475,123.3825
山西省,阳泉市,平定县,37.79188,113.63503
重庆市,重庆市,巫溪县,31.50593,109.34484
辽宁省,大连市,中山区,38.92012,121.64001
湖北省,黄石市,下陆区,30.27767,115.03722
四川省,自贡市,自流井区,29.3467,104.77124
湖南省,衡阳市,衡山县,27.29296,112.78456
河南省,开封市,尉氏县,34.37741,114.14862
湖南省,益阳市,赫山区,28.55827,112.42829
安徽省,宿州市,颍上县,32.65938,116.22395
江西省,景德镇市,昌江区,29.21976,117.13654
广西壮族自治区,桂林市,永福县,24.98333,109.98333
河南省,平顶山市,宝丰县,33.91194,113.03
广西壮族自治区,梧州市,岑溪市,22.95,110.98333
云南省,大理白族自治州,大理市,25.69946,100.19839
河北省,沧州市,河间市,38.43333,116.08333
黑龙江省,哈尔滨市,南岗区,45.76754,126.66751
江苏省,无锡市,惠山区,31.66524,120.19894
山东省,莱芜市,莱城区,36.15028,117.59361
四川省,成都市,金堂县,30.7454,104.59546
江苏省,苏州市,吴中区,31.21387,120.58117
湖北省,襄樊市,樊城区,32.05811,112.10092
云南省,普洱市,西盟佤族自治县,22.6913,99.42818
广东省,湛江市,徐闻县,20.48322,110.12987
广西壮族自治区,南宁市,武鸣县,23.25836,108.25342
河北省,唐山市,迁安市,40.03432,118.67501
湖南省,郴州市,苏仙区,25.78289,113.06901
河北省,沧州市,新华区,38.31505,116.86675
湖南省,湘潭市,湘潭县,27.63885,112.77683
湖北省,武汉市,东西湖区,30.68606,114.17465
湖北省,随州市,曾都区,31.75169,113.37043
新疆维吾尔自治区,哈密市,巴里坤哈萨克自治县,44.2749,92.80685
广西壮族自治区,河池市,大化瑶族自治县,23.98227,107.67547
四川省,宜宾市,南溪县,28.86667,104.96667
广东省,梅州市,丰顺县,23.91879,116.28636
天津市,天津市,河东区,39.12479,117.24184
山东省,枣庄市,薛城区,34.77444,117.25139
浙江省,浙江省,镇海区,29.95,121.7
浙江省,丽水市,景宁畲族自治县,27.88608,119.59882
河北省,石家庄市,藁城市,38.03,114.82
浙江省,杭州市,淳安县,29.6022,119.03458
西藏自治区,西藏自治区,班戈县,31.30202,90.1593
江西省,宜春市,奉新县,28.72567,115.16458
内蒙古自治区,呼伦贝尔市,鄂伦春自治旗,51.54595,120.74762
河南省,南阳市,邓州市,32.68892,112.04475
广西壮族自治区,百色市,田东县,23.6,107.13333
安徽省,合肥市,长丰县,32.1884,117.18585
山东省,潍坊市,青州市,36.66333,118.4575
湖南省,岳阳市,平江县,28.77229,113.70054
黑龙江省,鸡西市,梨树区,45.10709,130.71957
河北省,承德市,宽城满族自治县,40.56482,118.63477
河北省,唐山市,丰润县,39.83,118.11
青海省,果洛藏族自治州,玛多县,34.76804,98.30417
江苏省,盐城市,建湖县,33.48403,119.84973
黑龙江省,大庆市,肇源县,45.61143,124.83788
甘肃省,陇南市,文县,32.93876,104.77002
广西壮族自治区,崇左市,大新县,22.83611,107.19972
重庆市,重庆市,涪陵区,29.66059,107.332
辽宁省,铁岭市,昌图县,42.94194,123.96194
河南省,郑州市,惠济区,34.88928,113.61401
四川省,甘孜藏族自治州,德格县,32.23506,99.07852
云南省,昆明市,寻甸回族彝族自治县,25.6425,103.06855
广东省,汕尾市,海丰县,22.9761,115.27387
广东省,广州市,越秀区,23.12528,113.26528
贵州省,贵州省,小河区,26.4916,106.70259
青海省,海西蒙古族藏族自治州,天峻县,38.00839,98.50885
广东省,梅州市,蕉岭县,24.66667,116.16667
新疆维吾尔自治区,阿勒泰地区,哈巴河县,48.33069,86.49536
江苏省,盐城市,亭湖区,33.42748,120.14767
山西省,太原市,晋源区,37.72858,112.47682
辽宁省,葫芦岛市,建昌县,40.815,119.789
河北省,张家口市,怀安县,40.54164,114.5179
云南省,红河哈尼族彝族自治州,河口瑶族自治县,22.74054,103.82435
新疆维吾尔自治区,哈密市,昆莫,42.83129,93.50138
山东省,威海市,荣成市,37.175,122.35278
江西省,赣州市,宁都县,26.57924,116.0221
江西省,九江市,庐山区,29.64665,115.97106
山东省,临沂市,郯城县,34.65721,118.3127
河北省,唐山市,遵化县,40.12513,117.94485
内蒙古自治区,锡林郭勒盟,太仆寺旗,41.87509,115.30706
四川省,广元市,青川县,32.52067,105.2222
河北省,衡水市,故城县,37.34,115.97
甘肃省,金昌市,永昌县,38.27551,102.02752
重庆市,-,渝北區,29.81378,106.74352
重庆市,重庆市,城口县,31.8845,108.73138
贵州省,黔南布依族苗族自治州,独山县,25.72623,107.5673
四川省,广元市,朝天区,32.64898,105.88919
四川省,甘孜藏族自治州,九龙县,28.93203,101.61053
内蒙古自治区,乌海市,海南区,39.44545,106.89132
安徽省,安徽省,金家庄区,31.72091,118.48585
河南省,焦作市,孟州市,34.92203,112.75978
云南省,昆明市,宜良县,24.97649,103.20159
安徽省,滁州市,定远县,32.46295,117.59304
安徽省,蚌埠市,龙子湖区,32.94498,117.38779
陝西省,安康市,汉阴县,32.90697,108.49487
江西省,鹰潭市,月湖区,28.2433,117.0506
甘肃省,甘肃省,环县,36.56403,107.07654
山西省,临汾市,安泽县,36.14814,112.33607
广西壮族自治区,梧州市,长洲区,23.48062,111.29091
广东省,惠州市,惠阳区,22.7889,114.47179
河北省,石家庄市,高邑县,37.6,114.61
四川省,德阳市,中江县,30.89833,104.77486
广东省,河源市,龙川县,24.3405,115.36298
辽宁省,阜新市,细河区,42.05722,121.71056
四川省,南充市,营山县,31.14249,106.70264
辽宁省,辽阳市,辽阳县,41.23581,123.08074
内蒙古自治区,乌海市,乌达区,39.50421,106.72697
吉林省,长春市,双阳区,43.50861,125.66806
重庆市,重庆市,铜梁县,29.81417,106.02909
四川省,攀枝花市,盐边县,27.06997,101.33949
云南省,昆明市,安宁市,24.83994,102.4102
黑龙江省,齐齐哈尔市,龙沙区,47.27466,123.92177
黑龙江省,七台河市,桃山区,45.73464,131.21769
北京市,北京市,门头沟区,40.02189,115.78121
湖北省,武汉市,硚口区,30.57647,114.261
陝西省,咸阳市,淳化县,34.82722,108.55889
云南省,红河哈尼族彝族自治州,石屏县,23.73385,102.44474
浙江省,丽水市,庆元县,27.61189,119.16284
陝西省,西安市,户县,33.99969,108.58764
广西壮族自治区,梧州市,万秀区,23.48019,111.31859
河南省,南阳市,镇平县,33.10972,112.14361
广东省,湛江市,廉江市,21.72864,110.03624
山西省,太原市,娄烦县,38.04321,111.82928
云南省,文山壮族苗族自治州,富宁县,23.70739,105.84905
云南省,昆明市,晋宁县,24.672,102.65094
新疆维吾尔自治区,新疆维吾尔自治区,特克斯县,42.89038,82.10257
新疆维吾尔自治区,和田地区,皮山县,37.22331,78.47064
安徽省,芜湖市,鸠江区,31.36051,118.39154
山东省,临沂市,沂南县,35.52917,118.41278
西藏自治区,日喀则地区,日喀则市,29.29483,89.06605
河北省,河北省,魏县,36.35,114.93333
河北省,承德市,双滦区,40.96633,117.88799
山东省,临沂市,罗庄区,34.98,118.23028
广西壮族自治区,河池市,金城江区,24.69537,108.04024
山西省,临汾市,洪洞县,36.32239,111.66769
云南省,迪慶藏族自治州,香格里拉县,28.0557,99.84905
甘肃省,临夏回族自治州,和政县,35.33912,103.28803
浙江省,湖州市,长兴县,30.98445,119.808
浙江省,舟山市,岱山县,30.31049,122.17769
山西省,忻州市,五台县,38.80269,113.41129
吉林省,白山市,靖宇县,42.35,126.81667
河南省,南阳市,桐柏县,32.4836,113.43067
黑龙江省,佳木斯市,前进区,46.81169,130.37061
陝西省,铜川市,王益区,35.04806,109.06667
安徽省,宿州市,泗县,33.55106,117.86076
福建省,厦门市,海沧区,24.47556,117.98333
西藏自治区,那曲地区,比如县,31.46965,93.4924
广西壮族自治区,百色市,西林县,24.5,105.05
山东省,淄博市,高青县,37.15235,117.83086
陝西省,延安市,子长县,37.235,109.49611
河北省,承德市,围场满族蒙古族自治县,42.12182,117.53289
新疆维吾尔自治区,昌吉回族自治州,木垒哈萨克自治县,43.99106,90.78732
云南省,昭通市,巧家县,27.0176,103.10337
重庆市,重庆市,垫江县,30.25926,107.43225
河北省,保定市,涿州市,39.5,115.96667
青海省,黄南藏族自治州,河南蒙古族自治县,34.51346,101.54569
宁夏回族自治区,吴忠市,盐池县,37.62153,107.05189
福建省,三明市,清流县,26.10398,116.93075
新疆维吾尔自治区,新疆维吾尔自治区,霍城县,44.05,80.81667
浙江省,舟山市,嵊泗县,30.72542,122.45297
河南省,商丘市,夏邑县,34.22266,116.14871
浙江省,舟山市,普陀区,29.96497,122.29658
江西省,鹰潭市,贵溪市,28.21414,117.20677
福建省,莆田市,城厢区,25.41766,118.9897
安徽省,安庆市,望江县,30.24088,116.67676
天津市,天津市,河北区,39.16625,117.20423
江西省,赣州市,瑞金市,25.91607,115.97991
天津市,天津市,红桥区,39.16583,117.14436
湖南省,衡阳市,南岳区,27.21779,112.72462
河北省,石家庄市,新乐市,38.34,114.66
山西省,长治市,潞城市,36.36267,113.22835
云南省,临沧市,沧源佤族自治县,23.22688,99.33577
内蒙古自治区,呼伦贝尔市,额尔古纳左旗,51.23289,121.9099
甘肃省,酒泉市,阿克塞哈萨克族自治县,39.4889,93.98517
湖北省,咸宁市,嘉鱼县,30.05772,114.05113
云南省,临沧市,双江拉祜族佤族布朗族傣族自治县,23.48446,99.84045
陝西省,延安市,宜川县,36.09944,110.12833
山西省,临汾市,浮山县,35.93441,111.92234
黑龙江省,哈尔滨市,道外区,45.79905,126.64026
内蒙古自治区,乌兰察布市,四子王旗,42.0647,111.59802
黑龙江省,黑河市,孙吴县,49.3947,127.36021
江苏省,盐城市,盐都区,33.31142,120.06349
河南省,信阳市,平桥区,32.10228,114.13456
河南省,周口市,商水县,33.50885,114.56463
福建省,南平市,建阳市,27.31801,118.06764
广东省,肇庆市,广宁县,23.63333,112.43333
黑龙江省,鹤岗市,绥滨县,47.46615,131.85911
浙江省,温州市,永嘉县,28.33067,120.65875
陝西省,汉中市,留坝县,33.59111,106.95333
陝西省,渭南市,白水县,35.22222,109.51722
湖南省,张家界市,桑植县,29.574,110.17248
辽宁省,鞍山市,台安县,41.38333,122.45
江苏省,淮安市,清江浦区,33.55359,119.02099
江西省,宜春市,万载县,28.23505,114.34286
内蒙古自治区,呼伦贝尔市,额尔古纳市,51.67179,120.78139
河北省,石家庄市,晋州市,38.03333,115.03333
山东省,青岛市,即墨市,36.47639,120.49861
福建省,龙岩市,新罗区,25.22053,117.10984
新疆维吾尔自治区,博尔塔拉蒙古自治州,温泉县,44.983,81.06
山西省,运城市,河津市,35.63123,110.71173
内蒙古自治区,赤峰市,喀喇沁旗,41.93228,118.70028
黑龙江省,大兴安岭地区,呼中镇,51.95,123.66667
江苏省,连云港市,连云区,34.73285,119.35038
新疆维吾尔自治区,新疆维吾尔自治区,伊宁县,44.0079,81.66667
陝西省,榆林市,清涧县,37.21083,110.23361
河北省,邯郸市,涉县,36.56,113.66
湖南省,郴州市,桂东县,25.98431,113.87548
重庆市,重庆市,石柱土家族自治县,30.09366,108.29284
广东省,潮州市,饶平县,23.85,116.87472
四川省,阿坝藏族羌族自治州,松潘县,32.60981,103.59183
山东省,德州市,平原县,37.15265,116.40955
宁夏回族自治区,固原市,泾源县,35.43735,106.36129
湖北省,恩施土家族苗族自治州,来凤县,29.45672,109.19291
江西省,上饶市,广丰县,28.38534,118.29598
四川省,南充市,顺庆区,30.79022,106.0872
陝西省,延安市,宝塔区,36.54111,109.52778
湖北省,黄冈市,团风县,30.80678,115.0512
河北省,张家口市,万全县,40.83251,114.59742
广西壮族自治区,钦州市,浦北县,22.26667,109.55
西藏自治区,日喀则地区,卓木县,27.81573,89.05181
广西壮族自治区,防城港市,防城各族自治县,21.7839,108.38369
河南省,开封市,通许县,34.438,114.49657
山西省,大同市,广灵县,39.77938,114.0497
四川省,甘孜藏族自治州,丹巴县,31.02191,101.75487
新疆维吾尔自治区,新疆维吾尔自治区,伊宁市,43.91749,81.32235
西藏自治区,拉萨市,曲水县,29.61515,90.89198
江西省,南昌市,安义县,28.84387,115.54483
青海省,玉树藏族自治州,杂多县,33.20917,94.08215
山东省,日照市,莒县,35.62694,118.90306
甘肃省,兰州市,安宁区,36.11657,103.7023
山西省,阳泉市,盂县,38.25733,113.31886
黑龙江省,黑河市,逊克县,48.79716,128.35773
广西壮族自治区,玉林市,北流市,22.71667,110.35
山东省,青岛市,黄岛区,36.00222,120.13194
云南省,玉溪市,澄江县,24.65078,102.93509
浙江省,杭州市,西湖区,30.26667,120.13333
甘肃省,庆阳市,镇原县,35.77674,107.18317
安徽省,安庆市,桐城市,30.9684,116.93611
河北省,张家口市,崇礼县,41.02311,115.21214
浙江省,杭州市,拱墅区,30.35,120.15
西藏自治区,日喀则地区,岗巴县,28.36949,88.61688
甘肃省,天水市,张家川回族自治县,34.99319,106.27038
湖北省,黄石市,黄石港区,30.31309,115.11515
浙江省,杭州市,上城区,30.24512,120.16464
广东省,韶关市,曲江区,24.68917,113.57889
广西壮族自治区,河池市,罗城仫佬族自治县,24.78333,108.9
广东省,深圳市,盐田区,22.56611,114.22333
云南省,云南省,文山县,23.42715,104.09635
四川省,南充市,南部县,31.3085,105.90585
甘肃省,定西市,通渭县,35.21175,105.18532
黑龙江省,哈尔滨市,松北区,45.81395,126.56915
四川省,南充市,西充县,31.06047,105.83105
河北省,保定市,博野县,38.45,115.46667
陝西省,汉中市,镇巴县,32.51187,107.86535
河北省,衡水市,武强县,38.05,115.96667
山东省,淄博市,沂源县,36.14167,118.17
山西省,太原市,迎泽区,37.85919,112.5556
河北省,唐山市,路北区,39.65427,118.1577
山西省,太原市,小店区,37.74411,112.56011
新疆维吾尔自治区,克拉玛依市,独山子区,44.32158,84.83738
湖北省,十堰市,郧县,32.91286,110.75694
河北省,衡水市,枣强县,37.5,115.71
贵州省,黔西南布依族苗族自治州,普安县,25.79942,104.94367
广西壮族自治区,桂林市,全州县,25.95,111.06667
西藏自治区,那曲地区,申扎县,31.02086,88.80066
江西省,南昌市,新建县,28.54598,115.69836
黑龙江省,大兴安岭地区,加格達奇區,50.42383,124.12402
湖南省,株洲 市,醴陵市,27.65224,113.45738
山西省,运城市,闻喜县,35.39008,111.30758
广西壮族自治区,贵港市,桂平市,23.4,110.08333
广西壮族自治区,桂林市,灵川县,25.41667,110.33333
吉林省,白山市,浑江区,41.80278,126.42694
新疆维吾尔自治区,巴音郭楞蒙古自治州,若羌县,39.03333,88
湖北省,襄樊市,宜城市,31.71086,112.25818
河南省,郑州市,管城回族区,34.6999,113.7575
西藏自治区,阿里地区,革吉县,31.95587,81.94829
上海市,上海市,嘉定区,31.36637,121.22153
安徽省,亳州市,谯城区,33.75453,115.88545
福建省,漳州市,诏安县,23.86199,117.07742
四川省,攀枝花市,西区,26.61771,101.53975
四川省,甘孜藏族自治州,得荣县,28.6739,99.34055
江苏省,连云港市,新浦区,34.60649,119.14155
西藏自治区,阿里地区,噶尔县,32.09703,80.3566
吉林省,辽源市,东丰县,42.67139,125.52528
新疆维吾尔自治区,昌吉回族自治州,呼图壁县,44.40463,86.51681
福建省,宁德市,霞浦县,26.96054,119.97452
江苏省,无锡市,江阴市,31.8268,120.30125
云南省,普洱市,孟连傣族拉祜族佤族自治县,22.30019,99.42033
黑龙江省,哈尔滨市,依兰县,46.26085,129.70666
内蒙古自治区,锡林郭勒盟,阿巴哈纳尔旗,43.94851,116.0814
青海省,海西蒙古族藏族自治州,德令哈市,37.7808,97.07577
黑龙江省,绥化市,明水县,47.18362,125.85745
西藏自治区,林芝地区,波密县,30.12893,95.52773
湖南省,常德市,武陵区,29.03231,111.69318
甘肃省,庆阳市,庆阳县,36.03717,107.66818
新疆维吾尔自治区,巴音郭楞蒙古自治州,库尔勒市,41.67324,85.71623
辽宁省,阜新市,新邱区,42.06806,121.86694
浙江省,丽水市,莲都区,28.46667,119.9
山西省,吕梁市,离石,37.51082,111.11778
内蒙古自治区,锡林郭勒盟,苏尼特左旗,43.97096,113.22923
浙江省,杭州市,江干区,30.26078,120.20058
山东省,潍坊市,安丘市,36.29667,119.1775
四川省,德阳市,什邡市,31.22486,104.03461
福建省,南平市,松溪县,27.61021,118.73635
湖南省,怀化市,沅陵县,28.56437,110.57102
湖南省,岳阳市,湘阴县,28.69893,112.8022
河北省,张家口市,康保县,41.74896,114.60949
河北省,邢台市,柏乡县,37.4,114.6
黑龙江省,绥化市,兰西县,46.31811,126.2076
河北省,石家庄市,正定县,38.139,114.55
浙江省,台州市,天台县,29.17783,121.00522
江西省,吉安市,会昌县,25.46302,115.7433
山西省,山西省,侯马市,35.62542,111.36271
吉林省,通化市,集安市,41.25833,126.01778
江西省,赣州市,崇义县,25.67477,114.23966
湖北省,荆州市,公安县,29.93288,112.16599
新疆维吾尔自治区,新疆维吾尔自治区,阿合奇县,40.78246,77.98903
福建省,漳州市,长泰县,24.68796,117.79003
贵州省,安顺市,紫云苗族布依族自治县,25.75646,106.08909
河南省,焦作市,马村区,35.28472,113.35889
西藏自治区,那曲地区,巴青县,32.13915,94.0817
西藏自治区,山南地区,曲松县,28.96574,92.20834
河北省,唐山市,滦县,39.75788,118.6494
福建省,三明市,宁化县,26.3079,116.65618
河北省,石家庄市,无极县,38.173,114.96
湖北省,恩施土家族苗族自治州,建始县,30.66153,109.93676
西藏自治区,山南地区,隆子县,28.49372,92.91173
云南省,曲靖市,罗平县,25.00758,104.33511
贵州省,黔南布依族苗族自治州,龙里县,26.5163,106.95464
陝西省,渭南市,临渭区,34.51661,109.51034
青海省,海北藏族自治州,海晏县,37.09913,100.84956
陝西省,商洛市,山阳县,33.45611,109.96333
贵州省,毕节地区,七星关区,27.7302,107.884
辽宁省,丹东市,振安区,40.15694,124.41972
黑龙江省,七台河市,勃利县,45.91278,130.80774
山西省,吕梁市,柳林县,37.39619,110.89311
湖南省,永州市,蓝山县,25.28085,112.18927
河南省,南阳市,新野县,32.54067,112.41708
四川省,南充市,阆中市,31.58824,106.05002
安徽省,安庆市,太湖县,30.49893,116.16956
山西省,大同市,灵丘县,39.41378,114.12385
河北省,邯郸市,广平县,36.46667,114.93333
上海市,上海市,黄浦区,31.224,121.47923
湖北省,咸宁市,通城县,29.24868,113.9346
江苏省,南通市,如皋市,32.30602,120.60957
青海省,海北藏族自治州,门源回族自治县,37.4187,101.76362
福建省,闽都,晋安区,26.09889,119.31667
辽宁省,朝阳市,双塔区,41.6225,120.47306
江西省,吉安市,井冈山市,26.76462,114.30931
浙江省,丽水市,遂昌县,28.59,119.26
浙江省,丽水市,云和县,28.11,119.56
内蒙古自治区,锡林郭勒盟,正蓝旗,42.5419,115.96169
四川省,阿坝藏族羌族自治州,小金县,31.14288,102.49419
湖北省,十堰市,郧西县,33.00097,110.17887
广东省,阳江市,阳西县,21.74524,111.58109
四川省,绵阳市,平武县,32.41667,104.49377
云南省,迪慶藏族自治州,德钦县,28.40394,99.09437
贵州省,铜仁地区,德江县,28.2718,108.08419
湖南省,岳阳市,岳阳县,29.20012,113.23608
江西省,吉安市,万安县,26.44665,114.84016
新疆维吾尔自治区,吐鲁番地区,吐鲁番市,42.59285,89.24044
湖南省,湖南省,龙山县,29.23119,109.49658
陝西省,西安市,碑林区,34.1425,108.85778
宁夏回族自治区,银川市,兴庆区,38.53957,106.46507
云南省,红河哈尼族彝族自治州,开远市,23.65731,103.36853
黑龙江省,牡丹江市,绥芬河市,44.38908,131.14797
甘肃省,平凉市,平凉市,35.49856,106.73076
西藏自治区,日喀则地区,昂仁县,29.81512,86.55914
黑龙江省,齐齐哈尔市,富裕县,47.65992,124.56451
河南省,郑州市,中牟县,34.7133,114.00075
广东省,深圳市,宝安区,22.57917,113.87583
西藏自治区,拉萨市,堆龙德庆县,29.86539,90.74787
湖北省,襄樊市,枣阳市,32.07902,112.76021
新疆维吾尔自治区,新疆维吾尔自治区,昭苏县,42.77563,81.00215
吉林省,辽源市,东辽县,42.92529,125.07456
广东省,梅州市,梅江区,24.31047,116.09973
四川省,甘孜藏族自治州,色达县,32.46571,100.32843
广西壮族自治区,南宁市,马山县,23.73333,108.23333
贵州省,遵义市,赤水市,28.48971,105.90454
湖南省,郴州市,桂阳县,25.85357,112.65997
辽宁省,阜新市,海州区,42.17639,121.65028
广东省,清远市,清城区,23.71722,113.03028
新疆维吾尔自治区,吐鲁番地区,鄯善县,42.2914,90.6423
河南省,周口市,鹿邑县,33.89083,115.38056
河南省,开封市,龙亭区,34.8175,114.35917
陝西省,延安市,黄陵县,35.66833,108.95389
海南省,海南省,陵水黎族自治县,18.56833,109.94722
山东省,烟台市,海阳市,36.76667,121.15
河北省,秦皇岛市,昌黎县,39.63446,119.07932
海南省,海南省,乐东黎族自治县,18.65028,109.04917
西藏自治区,西藏自治区,生达县,32,97.53333
河北省,唐山市,路南区,39.59455,118.1811
湖北省,黄冈市,黄州市,30.43755,114.8748
内蒙古自治区,赤峰市,克什克腾旗,43.26028,117.24874
四川省,凉山彝族自治州,普格县,27.53139,102.55262
浙江省,温州市,瑞安市,27.84691,120.45374
山西省,朔州市,山阴县,39.53133,112.77664
内蒙古自治区,包头市,土默特右旗,40.55706,110.51649
贵州省,六盘水市,水城县,26.41531,104.87068
贵州省,黔东南苗族侗族自治州,麻江县,26.4606,107.64367
广西壮族自治区,梧州市,兴安县,25.61667,110.66667
云南省,曲靖市,陆良县,25.04822,103.74962
贵州省,黔南布依族苗族自治州,三都水族自治县,25.90445,107.951
浙江省,杭州市,滨江区,30.21097,120.20828
四川省,凉山彝族自治州,冕宁县,28.53757,101.95126
广西壮族自治区,南宁市,上林县,23.53925,108.62608
新疆维吾尔自治区,博尔塔拉蒙古自治州,精河县,44.53685,82.8896
江西省,赣州市,章贡区,25.83439,114.94076
湖南省,郴州市,临武县,25.32439,112.58813
山西省,吕梁市,岚县,38.3371,111.63832
河北省,保定市,涞水县,39.38333,115.7
湖南省,怀化市,靖州苗族侗族自治县,26.55699,109.54003
黑龙江省,鸡西市,鸡东县,45.23697,131.31586
青海省,海南藏族自治州,兴海县,35.51387,99.76357
四川省,攀枝花市,仁和区,26.54115,101.55386
北京市,北京市,昌平区,40.22148,116.20519
重庆市,重庆市,大渡口区,29.41512,106.4467
安徽省,淮南市,大通区,32.61433,117.06047
福建省,闽都,罗源县,26.50306,119.43049
四川省,广元市,剑阁县,31.92472,105.48463
河北省,衡水市,饶阳县,38.23333,115.73333
浙江省,宁波市,镇海区,29.96631,121.70505
河北省,邯郸市,邯山区,36.6,114.46667
贵州省,贵阳市,乌当区,26.69491,106.76319
云南省,玉溪市,元江哈尼族彝族傣族自治县,23.6029,102.03263
内蒙古自治区,兴安盟,科尔沁右翼中旗,45.21824,121.24406
云南省,红河哈尼族彝族自治州,弥勒市,24.18653,103.42331
广西壮族自治区,来宾市,合山市,23.78333,108.86667
黑龙江省,牡丹江市,东安区,44.39652,129.85195
陝西省,渭南市,大荔县,34.78361,109.97667
湖南省,长沙市,雨花区,28.1301,113.03791
广东省,广州市,增城市,23.35278,113.78311
湖南省,长沙市,望城县,28.29295,112.83308
贵州省,铜仁地区,铜仁市,27.68707,109.12045
安徽省,亳州市,涡阳县,33.5087,116.27038
黑龙江省,大兴安岭地区,漠河县,52.91701,123.41898
河北省,秦皇岛市,山海关区,40.00615,119.71995
黑龙江省,佳木斯市,东风区,46.82105,130.39105
安徽省,马鞍山市,雨山区,31.68119,118.49385
宁夏回族自治区,吴忠市,利通区,37.76673,106.19904
甘肃省,陇南市,宕昌县,33.96241,104.4303
河北省,邯郸市,肥乡县,36.53333,114.78333
广西壮族自治区,百色市,百色市,23.93638,106.49237
陝西省,西安市,蓝田县,34.09583,109.37139
新疆维吾尔自治区,新疆维吾尔自治区,石河子市,44.32011,86.01961
西藏自治区,山南地区,贡嘎县,29.244,90.84
山西省,临汾市,大宁县,36.43656,110.69535
湖南省,衡阳市,珠晖区,26.858,112.63138
黑龙江省,鸡西市,滴道区,45.355,130.74771
内蒙古自治区,阿拉善盟,阿拉善左旗,39.42846,105.3952
浙江省,丽水市,青田县,28.20533,120.13481
河南省,郑州市,新密市,34.50622,113.43616
四川省,乐山市,夹江县,29.76471,103.59477
江西省,赣州市,上犹县,25.94568,114.43093
内蒙古自治区,赤峰市,红山区,42.26076,118.92372
湖南省,益阳市,资阳区,28.67567,112.36678
贵州省,遵义市,遵义县,27.59949,106.70884
福建省,漳州市,华安县,24.83893,117.51527
河南省,焦作市,中站区,35.2575,113.21
山东省,滨州市,无棣县,37.94278,117.81056
新疆维吾尔自治区,塔城地区,额敏县,46.63435,84.07837
湖南省,常德市,石门县,29.81696,111.10176
广西壮族自治区,柳州市,三江侗族自治县,25.78333,109.6
辽宁省,锦州市,凌河区,41.07861,121.20667
山东省,青岛市,城阳区,36.28528,120.38944
甘肃省,武威市,民勤县,38.75362,103.16888
云南省,大理白族自治州,剑川县,26.41864,99.74036
浙江省,杭州市,建德市,29.43434,119.28767
河南省,漯河市,临颍县,33.83887,113.9578
广西壮族自治区,梧州市,蝶山区,23.47125,111.29943
陝西省,咸阳市,彬县,35.05417,108.08139
山西省,长治市,长子县,36.11276,112.80117
辽宁省,葫芦岛市,南票区,41.13556,120.64417
云南省,丽江市,宁蒗彝族自治县,27.29308,100.8526
安徽省,淮北市,濉溪县,33.71483,116.74409
甘肃省,白银市,白银区,36.56251,104.17005
贵州省,遵义市,湄潭县,27.74122,107.51193
河北省,保定市,容城县,39.05,115.86667
山东省,济南市,历城区,36.61389,117.24221
贵州省,黔东南苗族侗族自治州,施秉县,27.08651,108.11014
安徽省,宣城市,广德县,30.86149,119.32504
宁夏回族自治区,石嘴山市,惠农区,39.17541,106.59512
云南省,丽江市,玉龙纳西族自治县,26.76798,99.95536
新疆维吾尔自治区,阿勒泰地区,福海县,46.32967,87.89675
河南省,平顶山市,湛河区,33.70305,113.26111
内蒙古自治区,包头市,昆都仑区,40.5836,109.855
河南省,安阳市,北关区,36.10333,114.37556
重庆市,重庆市,云阳县,31.03777,108.85198
黑龙江省,绥化市,肇东市,46.02637,125.8145
陝西省,安康市,石泉县,33.0475,108.23
天津市,天津市,和平区,39.11707,117.19168
甘肃省,甘南藏族自治州,玛曲县,33.86797,101.71122
广东省,肇庆市,鼎湖区,23.1875,112.56417
江苏省,南京市,江宁区,31.95549,118.84395
内蒙古自治区,呼和浩特市,托克托县,40.29671,111.15979
重庆市,重庆市,双桥区,29.50172,105.78482
四川省,凉山彝族自治州,金阳县,27.7523,103.12482
辽宁省,营口市,老边区,40.68329,122.32481
上海市,上海市,松江区,31.02098,121.21132
云南省,玉溪市,易门县,24.67556,102.09841
河南省,新乡市,卫滨区,35.24861,113.80333
青海省,海西蒙古族藏族自治州,乌兰县,36.85806,98.41119
西藏自治区,阿里地区,普兰县,30.64429,81.44405
安徽省,蚌埠市,淮上区,32.97353,117.35592
云南省,曲靖市,会泽县,26.4763,103.39887
安徽省,宿州市,埇桥区,33.755,117.14412
福建省,厦门市,同安区,24.72754,118.14614
湖南省,娄底市,双峰县,27.41285,112.14526
黑龙江省,大庆市,大同区,46.02426,124.64538
山西省,朔州市,平鲁区,39.64086,112.23446
河北省,河北省,桥西区,38.01389,114.46667
山东省,东营市,东营区,37.38778,118.59694
内蒙古自治区,锡林郭勒盟,东乌珠穆沁旗,45.79841,117.86654
甘肃省,定西市,渭源县,35.06389,104.07448
黑龙江省,齐齐哈尔市,建华区,47.38784,123.99642
山西省,朔州市,应县,39.53832,113.19115
云南省,德宏傣族景颇族自治州,盈江县,24.89634,97.94579
黑龙江省,黑龙江省,东宁县,43.7977,130.8112
江苏省,淮安市,洪泽县,33.23156,118.87043
福建省,南平市,浦城县,27.89726,118.5085
广东省,广州市,番禺区,22.93572,113.35524
黑龙江省,齐齐哈尔市,昂昂溪区,47.14167,123.91449
辽宁省,阜新市,清河门区,41.77778,121.42722
湖北省,襄樊市,襄城区,32.02387,112.13162
四川省,凉山彝族自治州,西昌市,27.88987,101.97967
甘肃省,白银市,靖远县,36.49893,104.69634
辽宁省,朝阳市,朝阳县,41.79,120.55861
河南省,开封市,顺河回族区,34.80694,114.37722
陝西省,汉中市,南郑县,32.89722,106.89917
江苏省,苏州市,虎丘区,31.26579,120.58321
海南省,海南省,屯昌县,19.34194,110.04667
安徽省,合肥市,肥东县,31.99496,117.57236
河北省,保定市,徐水县,39.01667,115.65
新疆维吾尔自治区,吐鲁番地区,托克逊县,42.4279,88.44832
江西省,赣州市,全南县,24.87129,114.48335
河南省,驻马店市,正阳县,32.53705,114.47086
福建省,宁德市,周宁县,27.09678,119.30247
江西省,吉安市,永新县,26.97056,114.184
湖南省,长沙市,开福区,28.23884,113.00529
四川省,四川省,市中区,32.43006,105.82908
江苏省,南京市,栖霞区,32.14443,118.95172
辽宁省,阜新市,太平区,42.02639,121.73194
天津市,天津市,薊县,39.97635,117.41452
江西省,宜春市,上高县,28.18192,114.87649
北京市,北京市,密云县,40.53013,116.9873
山东省,烟台市,莱州市,37.16917,120.01759
甘肃省,临夏回族自治州,广河县,35.47237,103.61041
江苏省,徐州市,贾汪区,34.44033,117.44692
新疆维吾尔自治区,和田地区,克里雅,37.07825,81.87862
四川省,达州市,通川区,31.31699,107.46931
河南省,濮阳市,濮阳县,35.58435,115.15453
河南省,信阳市,光山县,31.93695,114.82166
福建省,宁德市,柘荣县,27.21667,119.86667
河北省,保定市,满城县,38.95,115.33333
云南省,红河哈尼族彝族自治州,绿春县,22.83544,102.28552
江苏省,南通市,启东市,31.92086,121.74215
甘肃省,张掖市,临泽县,39.34732,100.18802
陝西省,榆林市,定边县,37.39758,107.79413
江西省,九江市,德安县,29.41258,115.62827
黑龙江省,双鸭山市,岭东区,46.59478,131.16563
贵州省,贵阳市,清镇市,26.73267,106.34832
甘肃省,白银市,平川区,36.71737,104.96699
广西壮族自治区,来宾市,金秀瑶族自治县,24.11667,110.18333
宁夏回族自治区,吴忠市,同心县,37.07985,106.15094
黑龙江省,黑龙江省,动力区,45.71049,126.66452
四川省,雅安市,汉源县,29.4398,102.6378
甘肃省,酒泉市,敦煌市,40.76726,94.86163
四川省,广安市,华蓥市,30.30979,106.76307
辽宁省,沈阳市,辽中县,41.57861,122.82556
山西省,山西省,长治城区,36.19363,113.09884
湖南省,张家界市,永定区,29.1354,110.47412
云南省,昭通市,鲁甸县,27.15665,103.41125
江西省,吉安市,安福县,27.36324,114.41354
广西壮族自治区,钦州市,灵山县,22.43333,109.28333
山东省,菏泽市,定陶县,35.10927,115.62128
山西省,太原市,古交市,37.91612,112.11847
江苏省,江苏省,吴江市,31.02375,120.61988
云南省,楚雄彝族自治州,南华县,25.15618,101.09739
新疆维吾尔自治区,新疆维吾尔自治区,托古斯塔拉县,43.30974,82.50379
辽宁省,大连市,甘井子区,38.96993,121.56295
西藏自治区,阿里地区,日土县,33.89465,80.76409
广西壮族自治区,桂林市,荔浦县,24.5,110.4
陝西省,宝鸡市,金台区,34.42429,107.09712
江苏省,盐城市,响水县,34.23269,119.78935
安徽省,宣城市,宣州区,30.94522,118.81435
吉林省,延边朝鲜族自治州,延吉市,42.88333,129.51667
山东省,济宁市,汶上县,35.72803,116.4824
广东省,广州市,南沙区,22.77972,113.45139
江西省,南昌市,进贤县,28.43698,116.34941
河北省,邯郸市,复兴区,36.61667,114.44833
广西壮族自治区,百色市,平果县,23.33333,107.56667
广东省,江门市,开平市,22.40801,112.61749
青海省,海北藏族自治州,刚察县,37.5878,100.00457
上海市,上海市,金山区,30.84234,121.23048
内蒙古自治区,阿拉善盟,额济纳旗,41.74914,100.4833
河南省,濮阳市,清丰县,35.92444,115.17611
甘肃省,兰州市,红古区,36.24633,103.13288
西藏自治区,昌都市,八宿县,30.18988,96.93019
辽宁省,丹东市,振兴区,40.09528,124.34722
湖南省,常德市,汉寿县,28.86681,112.03021
四川省,资阳市,安岳县,29.96369,105.36537
福建省,福建省,崇安县,27.766,118.01
山西省,长治市,屯留县,36.34404,112.70835
云南省,云南省,潞西市,24.3824,98.37763
安徽省,淮南市,谢家集区,32.60105,116.87124
吉林省,长春市,榆树市,44.82389,126.37
贵州省,毕节地区,纳雍县,26.85661,105.25437
广东省,阳江市,江城区,21.85833,111.94778
江西省,宜春市,靖安县,28.95819,115.2372
山西省,忻州市,代县,39.10684,113.01364
湖南省,常德市,津市市,29.49452,111.85987
山东省,潍坊市,诸城市,36.00222,119.43194
黑龙江省,哈尔滨市,阿城市,45.40415,127.09222
西藏自治区,那曲地区,聂荣县,32.22719,92.6197
山东省,青岛市,莱西市,36.85444,120.42389
内蒙古自治区,赤峰市,阿鲁科尔沁旗,44.18056,120.05997
江西省,江西省,宁冈县,26.75,113.96667
西藏自治区,山南地区,洛扎县,28.22925,90.85629
贵州省,黔东南苗族侗族自治州,三穗县,26.95358,108.75449
海南省,海南省,定安县,19.48583,110.30556
广东省,清远市,英德市,24.19799,113.27248
安徽省,铜陵市,狮子山区,30.93586,117.84592
辽宁省,锦州市,黑山县,41.81528,122.28222
内蒙古自治区,鄂尔多斯市,伊金霍洛旗,39.55159,109.74919
陝西省,咸阳市,杨陵区,34.25667,108.07833
山西省,太原市,阳曲县,38.14487,112.64321
湖北省,宜昌市,伍家岗区,30.67201,111.32995
河南省,驻马店市,确山县,32.75353,113.96305
山东省,德州市,夏津县,37.02833,116.0425
云南省,大理白族自治州,宾川县,25.85381,100.59653
甘肃省,甘南藏族自治州,舟曲县,33.62903,104.28436
山西省,晋中市,左权县,37.0237,113.45367
浙江省,温州市,苍南县,27.46202,120.4299
青海省,西宁市,城东区,36.53757,101.81729
贵州省,贵阳市,白云区,26.66754,106.60093
黑龙江省,黑河市,五大连池市,48.76593,126.18281
福建省,莆田市,荔城区,25.43165,119.01506
黑龙江省,鹤岗市,工农区,47.32625,130.26443
山西省,吕梁市,孝义市,37.08543,111.63382
江西省,上饶市,万年县,28.69777,117.00201
吉林省,白城市,通榆县,44.74322,122.76377
广东省,河源市,连平县,24.34541,114.57495
山西省,长治市,襄垣县,36.57433,112.97831
重庆市,重庆市,巴南区,29.37079,106.73456
山东省,济南市,商河县,37.31028,117.22694
江苏省,扬州市,邗江区,32.3971,119.39525
四川省,成都市,温江区,30.71634,103.82125
河北省,石家庄市,新华区,38.06667,114.46806
四川省,甘孜藏族自治州,道孚县,30.9428,101.16471
山东省,济宁市,金乡县,35.09222,116.27528
浙江省,金华市,义乌市,29.31998,120.0484
河南省,开封市,鼓楼区,34.80111,114.34111
湖南省,湘西土家族苗族自治州,古丈县,28.59432,110.00431
四川省,甘孜藏族自治州,巴塘县,30.01866,99.24909
内蒙古自治区,鄂尔多斯市,杭锦后旗,40.88843,107.04479
辽宁省,鞍山市,海城市,40.857,122.74228
内蒙古自治区,包头市,青山区,40.66792,109.87634
新疆维吾尔自治区,阿勒泰地区,吉木乃县,47.41667,85.88333
新疆维吾尔自治区,昌吉回族自治州,阜康市,44.50434,88.27515
河北省,沧州市,青县,38.58,116.8
广东省,江门市,台山市,22.14262,112.74642
黑龙江省,齐齐哈尔市,拜泉县,47.57699,126.03085
福建省,宁德市,福安市,27.05747,119.64016
广西壮族自治区,梧州市,龙胜各族自治县,25.8,110
安徽省,淮南市,潘集区,32.77567,116.83273
江西省,景德镇市,浮梁县,29.55496,117.29243
黑龙江省,齐齐哈尔市,碾子山区,47.51161,122.8624
浙江省,衢州市,开化县,29.20388,118.34295
甘肃省,兰州市,榆中县,35.98555,104.21408
广东省,茂名市,电白县,21.70806,111.17774
河北省,邯郸市,永年县,36.78333,114.5
天津市,天津市,宝坻区,39.63029,117.41432
广东省,清远市,连山壮族瑶族自治县,24.49944,112.06309
江苏省,扬州市,高邮市,32.86199,119.60494
新疆维吾尔自治区,新疆维吾尔自治区,阿拉尔市,40.55435,81.42234
安徽省,芜湖市,芜湖县,31.19014,118.521
湖北省,宜昌市,远安县,31.16925,111.56548
福建省,闽都,鼓楼区,26.1,119.3
福建省,三明市,永安市,25.90129,117.3207
西藏自治区,那曲地区,拉里县,30.74074,92.98078
云南省,昆明市,西山区,25.05,102.49682
江苏省,常州市,天宁区,31.7813,119.98616
广西壮族自治区,北海市,合浦县,21.68333,109.15
广西壮族自治区,贺州市,富川瑶族自治县,24.90531,111.29101
河南省,商丘市,虞城县,34.36915,115.90217
重庆市,重庆市,梁平县,30.66058,107.71383
河北省,石家庄市,赵县,37.746,114.768
湖南省,岳阳市,华容县,29.49339,112.64474
广东省,深圳市,坪山区,22.68647,114.34449
黑龙江省,伊春市,乌马河区,47.54805,128.75891
陝西省,商洛市,镇安县,33.38196,109.06844
山东省,临沂市,沂水县,35.88417,118.5725
河南省,周口市,太康县,34.09253,114.85973
陝西省,榆林市,神木县,38.86611,110.24722
甘肃省,临夏回族自治州,永靖县,35.99701,103.24958
河北省,沧州市,献县,38.2,116.11667
云南省,楚雄彝族自治州,姚安县,25.47819,101.20889
安徽省,马鞍山市,当涂县,31.46442,118.64003
吉林省,四平市,伊通满族自治县,43.33333,125.28333
湖南省,岳阳市,君山区,29.44186,112.99786
内蒙古自治区,鄂尔多斯市,杭锦旗,40.04628,108.55413
河北省,张家口市,赤城县,40.95528,115.91322
河南省,安阳市,林州市,36.00896,113.84813
陝西省,延安市,延川县,36.88194,110.02194
湖南省,湘西土家族苗族自治州,吉首市,28.31907,109.77043
贵州省,黔东南苗族侗族自治州,剑河县,26.66737,108.68568
山西省,运城市,临猗县,35.14413,110.60928
河北省,邢台市,南宫市,37.35,115.37
辽宁省,铁岭市,调兵山市,42.41306,123.60583
辽宁省,丹东市,元宝区,40.1525,124.38111
广西壮族自治区,百色市,凌云县,24.4,106.51667
辽宁省,鞍山市,铁西区,41.11556,122.94333
辽宁省,葫芦岛市,兴城市,40.71028,120.43139
福建省,龙岩市,连城县,25.56372,116.7857
湖北省,恩施土家族苗族自治州,宣恩县,29.99161,109.47571
云南省,怒江傈僳族自治州,兰坪白族普米族自治县,26.59541,99.32004
福建省,闽都,闽清县,26.19011,118.7499
广西壮族自治区,河池市,天峨县,25,107.16667
天津市,天津市,武青区,39.45,117.05
山东省,临沂市,平邑县,35.44722,117.67389
山西省,山西省,隰县,36.71168,111.01447
内蒙古自治区,赤峰市,翁牛特旗,42.93835,119.03151
江苏省,苏州市,相城区,31.43662,120.64121
湖北省,孝感市,大悟县,31.60943,114.31208
新疆维吾尔自治区,喀什地区,玛拉勒巴什县,39.76667,78.25
辽宁省,铁岭市,开原市,42.62528,124.1225
云南省,普洱市,墨江哈尼族自治县,23.33484,101.4825
西藏自治区,拉萨市,达孜县,29.75963,91.50497
吉林省,长春市,九台市,44.16361,125.95944
江苏省,南通市,通州市,32.15312,121.14319
河北省,石家庄市,桥西区,37.05,114.46722
安徽省,阜阳市,界首市,33.26166,115.36228
云南省,大理白族自治州,祥云县,25.5118,100.80037
四川省,达州市,宣汉县,31.51636,107.88502
甘肃省,酒泉市,肃北蒙古族自治县,39.34685,96.12013
新疆维吾尔自治区,昌吉回族自治州,奇台县,44.50826,89.90112
四川省,德阳市,旌阳区,31.16275,104.40163
安徽省,淮南市,寿县,32.22745,116.74542
新疆维吾尔自治区,阿克苏地区,沙雅县,40.39119,82.98372
湖北省,随州市,广水市,31.68376,113.83901
青海省,海南藏族自治州,同德县,35.05887,100.52861
黑龙江省,黑龙江省,镜泊县,43.77704,128.90629
广西壮族自治区,柳州市,柳江区,24.25,109.31667
福建省,闽都,连江县,26.29091,119.54253
江西省,上饶市,德兴市,28.95804,117.75975
重庆市,覃家岗,凤凰镇,29.6882,106.312
贵州省,贵阳市,修文县,26.91291,106.58216
四川省,阿坝藏族羌族自治州,壤塘县,32.29115,101.13105
河南省,安阳市,汤阴县,35.90232,114.45358
内蒙古自治区,赤峰市,宁城县,41.58912,119.12689
四川省,甘孜藏族自治州,白玉县,31.22353,99.30338
安徽省,安徽省,祁门县,29.85818,117.5827
吉林省,吉林市,昌邑区,43.88363,126.57406
甘肃省,金昌市,金川区,38.6637,102.1582
安徽省,芜湖市,三山区,31.22274,118.22621
广东省,肇庆市,端州区,23.06944,112.49333
陝西省,安康市,汉滨区,32.88972,108.90444
广西壮族自治区,北海市,海城区,21.47189,109.1106
河北省,承德市,平泉县,41.05761,118.71971
湖南省,湖南省,益阳市,28.6,112.33333
西藏自治区,山南地区,措美县,28.57743,91.5853
四川省,乐山市,市中区,29.58459,103.72368
陝西省,西安市,长安区,34.03702,108.93366
黑龙江省,绥化市,青冈县,46.80156,125.98261
西藏自治区,日喀则地区,南木林县,29.81434,89.43116
陝西省,汉中市,城固县,33.34194,107.19667
北京市,北京市,海淀区,40.03102,116.22108
江西省,赣州市,于都县,25.95774,115.48706
甘肃省,兰州市,七里河区,35.98612,103.74443
湖南省,株洲 市,芦淞区,27.8162,113.15595
山东省,德州市,庆云县,37.79167,117.47694
甘肃省,酒泉市,瓜州县,40.69595,95.91624
天津市,天津市,宁河县,39.36549,117.63817
河南省,平顶山市,汝州市,34.15245,112.80498
山西省,大同市,左云县,40.01075,112.74985
山东省,日照市,东港区,35.45306,119.42472
云南省,普洱市,普洱哈尼族彝族自治县,23.06198,101.14073
湖南省,永州市,双牌县,25.90778,111.69028
河北省,廊坊市,广阳区,39.54833,116.71333
西藏自治区,林芝地区,墨脱县,28.74759,94.89421
广西壮族自治区,南宁市,兴宁区,22.85023,108.35209
湖南省,湘潭市,雨湖区,27.85878,112.90502
浙江省,丽水市,缙云县,28.66341,120.18004
河南省,三门峡市,卢氏县,33.97483,110.98585
贵州省,贵阳市,花溪区,26.43881,106.65762
四川省,泸州市,叙永县,28.10265,105.43281
云南省,丽江市,永胜县,26.5986,100.64504
河北省,廊坊市,大厂回族自治县,39.88333,116.98333
黑龙江省,黑龙江省,向阳区,46.82543,130.36756
甘肃省,天水市,清水县,34.73339,106.13077
陝西省,咸阳市,礼泉县,34.56,108.47778
广东省,清远市,阳山县,24.51242,112.69038
内蒙古自治区,赤峰市,巴林左旗,44.18835,119.24984
山东省,泰安市,宁阳县,35.84694,116.93944
湖南省,常德市,鼎城区,28.96503,111.66265
内蒙古自治区,鄂尔多斯市,达拉特旗,40.35781,109.96451
安徽省,芜湖市,南陵县,30.90545,118.33732
内蒙古自治区,通辽市,霍林郭勒市,45.48383,119.57256
山东省,德州市,禹城市,36.92222,116.61306
河北省,保定市,定州市,38.51,114.99
内蒙古自治区,乌兰察布市,商都县,41.61874,113.56543
浙江省,衢州市,江山市,28.739,118.622
山东省,青岛市,市南区,36.06593,120.36687
河南省,新乡市,卫辉市,35.48902,114.07257
四川省,雅安市,名山县,30.11964,103.21736
河北省,沧州市,沧县,38.29142,116.87037
辽宁省,大连市,庄河市,39.88194,122.83139
四川省,成都市,都江堰市,31.02942,103.62811
安徽省,阜阳市,太和县,33.33266,115.66846
江苏省,南京市,秦淮区,32.00497,118.80064
辽宁省,本溪市,本溪满族自治县,41.26583,124.26639
安徽省,安徽省,屯溪区,29.70797,118.33171
河北省,秦皇岛市,北戴河区,39.8,119.48333
山西省,忻州市,宁武县,38.83973,112.15826
青海省,海北藏族自治州,祁连县,38.20681,99.84135
青海省,西宁市,乐都县,36.49764,102.42806
新疆维吾尔自治区,克拉玛依市,克拉玛依区,45.27489,84.88037
山东省,济宁市,兖州区,35.58806,116.71083
青海省,果洛藏族自治州,达日县,33.42219,99.39677
广西壮族自治区,桂林市,叠彩区,25.32112,110.30121
湖南省,长沙市,长沙县,28.33182,113.19851
重庆市,重庆市,江北区,29.62056,106.71207
吉林省,通化市,梅河口市,42.4875,125.76806
辽宁省,阜新市,阜新蒙古族自治县,42.07751,121.74086
甘肃省,庆阳市,正宁县,35.41102,108.38562
江苏省,镇江市,扬中市,32.16243,119.8499
湖北省,十堰市,丹江口市,32.5465,111.18062
广东省,湛江市,坡头区,21.22697,110.52446
内蒙古自治区,包头市,固阳县,41.0322,110.07711
安徽省,滁州市,天长市,32.72132,118.96396
宁夏回族自治区,石嘴山市,平罗县,38.86549,106.47104
重庆市,重庆市,南岸区,29.54083,106.58972
陝西省,榆林市,榆阳区,38.20528,109.65389
福建省,莆田市,仙游县,25.45599,118.71192
四川省,德阳市,广汉市,30.9938,104.27261
山东省,烟台市,牟平区,37.27196,121.54144
安徽省,安庆市,潜山县,30.76081,116.55279
安徽省,安徽省,马塘区,31.32034,118.36755
新疆维吾尔自治区,喀什地区,莎车县,38.4,77.25
湖南省,株洲 市,炎陵县,26.38238,113.84281
湖南省,郴州市,嘉禾县,25.64556,112.39556
宁夏回族自治区,宁夏回族自治区,陶乐县,38.83333,106.66667
上海市,上海市,杨浦区,31.29248,121.5058
青海省,西宁市,城西区,36.5848,101.72756
广东省,深圳市,福田区,22.54,114.10583
内蒙古自治区,阿拉善盟,阿拉善右旗,40.13182,102.74118
广东省,湛江市,霞山区,21.19639,110.40222
陝西省,安康市,平利县,32.31167,109.30833
海南省,海口市,琼山区,19.80827,110.44534
河南省,周口市,沈丘县,33.28899,115.1805
山西省,太原市,清徐县,37.55503,112.36852
青海省,西宁市,湟源县,36.61807,101.17681
四川省,宜宾市,翠屏区,28.76667,104.56667
北京市,北京市,大兴区,39.64888,116.4096
河北省,石家庄市,栾城县,37.87,114.65
四川省,成都市,武侯区,30.61096,104.00316
山西省,晋中市,太谷县,37.40303,112.72302
内蒙古自治区,鄂尔多斯市,鄂托克旗,39.27207,107.75553
湖北省,孝感市,孝昌县,31.30558,114.01847
河南省,新乡市,长垣县,35.21963,114.75866
重庆市,-,奉节县,30.95425,109.34369
河北省,石家庄市,辛集市,37.9,115.2
湖北省,宜昌市,宜都市,30.28742,111.38034
甘肃省,临夏回族自治州,东乡族自治县,35.69282,103.44272
浙江省,衢州市,龙游县,29.0152,119.16736
贵州省,毕节地区,黔西县,27.08807,106.10516
陝西省,西安市,高陵县,34.50641,109.06076
四川省,自贡市,沿滩区,29.26263,104.85955
辽宁省,盘锦市,双台子区,41.19722,122.05389
湖南省,张家界市,武陵源区,29.35214,110.56384
海南省,海口市,美兰区,19.94,110.52306
海南省,海南省,白沙黎族自治县,19.21167,109.34667
广西壮族自治区,崇左市,龙州县,22.34778,106.85778
河北省,唐山市,丰南区,39.44237,118.15384
甘肃省,张掖市,高台县,39.55299,99.70767
重庆市,重庆市,丰都县,29.88927,107.82279
江苏省,扬州市,仪征市,32.38204,119.16655
河南省,平顶山市,郏县,33.99877,113.22548
河北省,秦皇岛市,青龙满族自治县,40.35198,119.14913
四川省,达州市,万源市,31.98954,107.91896
广东省,梅州市,平远县,24.66063,115.91007
福建省,南平市,建瓯市,27.02753,118.52811
广东省,云浮市,云安县,22.82103,111.94372
浙江省,湖州市,南浔区,30.8727,120.42052
江苏省,扬州市,宝应县,33.20882,119.48516
内蒙古自治区,兴安盟,突泉县,45.6119,121.55039
四川省,阿坝藏族羌族自治州,若尔盖县,33.72877,103.02128
重庆市,覃家岗,井口镇,29.639,106.438
四川省,四川省,眉山市,30.10465,103.75278
甘肃省,兰州市,永登县,36.58979,103.26615
黑龙江省,大庆市,萨尔图区,46.70944,125.0578
福建省,鲤城,安溪县,25.08833,117.91541
贵州省,贵州省,毕节市,27.44935,105.35603
甘肃省,天水市,甘谷县,34.8032,105.25989
黑龙江省,哈尔滨市,五常市,44.80329,127.53016
广西壮族自治区,河池市,巴马瑶族自治县,24.15,107.25
云南省,临沧市,永德县,24.08268,99.39784
贵州省,安顺市,西秀区,26.18467,106.91567
福建省,厦门市,集美区,24.57766,118.09305
辽宁省,营口市,大石桥市,40.64195,122.50475
广西壮族自治区,柳州市,融水苗族自治县,25.06,109.25
新疆维吾尔自治区,乌鲁木齐市,达坂城区,43.55977,88.39971
湖南省,湘西土家族苗族自治州,永顺县,28.96481,109.95474
四川省,宜宾市,长宁县,28.51959,104.8977
广东省,惠州市,惠东县,23.0415,114.93927
山西省,临汾市,襄汾县,35.87679,111.39463
青海省,海南藏族自治州,贵南县,35.70169,100.97265
浙江省,宁波市,江北区,29.89272,121.5609
内蒙古自治区,通辽市,奈曼旗,42.95939,120.83946
江苏省,徐州市,新沂市,34.26382,118.34796
河北省,石家庄市,迁西县,40.22789,118.36828
辽宁省,辽阳市,弓长岭区,41.13722,123.43333
湖南省,长沙市,芙蓉区,28.20156,113.03653
湖南省,株洲 市,攸县,27.18017,113.48376
安徽省,安徽省,新芜区,31.33581,118.3616
云南省,红河哈尼族彝族自治州,红河县,23.23474,102.30114
江苏省,南通市,海安县,32.57962,120.48984
新疆维吾尔自治区,新疆维吾尔自治区,阿拉山口市,45.15359,82.5171
天津市,天津市,濱海新區,39.00878,117.71061
河南省,焦作市,解放区,35.25472,113.26417
甘肃省,武威市,凉州区,37.90447,102.7768
安徽省,安徽省,三江区,31.35237,118.35901
四川省,达州市,渠县,30.96735,107.00623
江苏省,无锡市,滨湖区,31.52269,120.21995
江苏省,连云港市,东海县,34.57285,118.83919
重庆市,重庆市,彭水苗族土家族自治县,29.35498,108.26022
黑龙江省,齐齐哈尔市,讷河市,48.35969,125.1526
安徽省,淮北市,列山区,33.89045,116.82144
黑龙江省,鸡西市,密山市,45.50017,132.04573
广东省,广东省,潮安县,23.72278,116.51917
贵州省,遵义市,汇川区,27.75058,106.93327
四川省,凉山彝族自治州,宁南县,27.07326,102.71359
江苏省,盐城市,阜宁县,33.71898,119.6907
江苏省,无锡市,锡山区,31.62344,120.46496
陝西省,安康市,白河县,32.71417,109.92111
黑龙江省,绥化市,庆安县,47.04555,127.68979
福建省,漳州市,漳浦县,24.12344,117.70426
陝西省,榆林市,绥德县,37.53222,110.27722
西藏自治区,山南地区,乃东县,29.24777,91.77979
江苏省,盐城市,滨海县,34.09021,120.01618
云南省,曲靖市,马龙县,25.4,103.54354
甘肃省,平凉市,静宁县,35.3847,105.68107
新疆维吾尔自治区,塔城地区,塔城市,46.85111,83.14875
江西省,吉安市,泰和县,26.74844,114.91353
福建省,鲤城,德化县,25.64923,118.23703
山西省,太原市,万柏林区,37.86896,112.51609
陝西省,宝鸡市,陇县,34.87416,106.76629
福建省,漳州市,云霄县,23.99726,117.28479
广东省,茂名市,茂南区,21.66167,110.88333
重庆市,重庆市,万盛区,28.91108,106.92966
河南省,周口市,川汇区,33.62056,114.65056
黑龙江省,伊春市,西林区,47.53096,129.17136
福建省,鲤城,鲤城区,24.9125,118.59216
吉林省,四平市,双辽市,43.78611,123.79222
新疆维吾尔自治区,乌鲁木齐市,水磨沟区,43.84026,87.64018
北京市,北京市,平谷区,40.21102,117.13793
广东省,湛江市,吴川市,21.48691,110.6368
山东省,济南市,历下区,36.61099,117.101
山东省,济南市,长清区,36.44917,116.74528
安徽省,宣城市,泾县,30.59775,118.3668
黑龙江省,七台河市,茄子河区,45.78055,131.06277
河南省,商丘市,睢县,34.3987,115.03542
山东省,潍坊市,坊子区,36.60167,119.19194
西藏自治区,阿里地区,措勤县,30.75412,85.26479
内蒙古自治区,兴安盟,乌兰浩特市,46.10558,122.08576
黑龙江省,绥化市,望奎县,46.85859,126.63244
河南省,新乡市,凤泉区,35.39417,113.93556
河北省,保定市,高碑店市,39.33333,115.85
河南省,安阳市,殷都区,36.11972,114.31417
浙江省,温州市,洞头县,27.83333,121.13333
贵州省,黔东南苗族侗族自治州,锦屏县,26.57353,109.10794
山西省,大同市,南郊区,40.01112,113.10049
江苏省,江苏省,金阊区,31.3127,120.593
贵州省,黔东南苗族侗族自治州,从江县,25.7421,108.7261
海南省,海口市,秀英区,19.88667,110.22
重庆市,重庆市,秀山土家族苗族自治县,28.49476,109.01297
内蒙古自治区,锡林郭勒盟,二连浩特市,43.67114,111.98113
广东省,韶关市,始兴县,24.84262,114.14385
云南省,楚雄彝族自治州,双柏县,24.53325,101.66179
四川省,甘孜藏族自治州,雅江县,29.92187,101.00281
青海省,西宁市,大通回族土族自治县,37.12434,101.4751
福建省,三明市,泰宁县,26.82209,117.08232
河南省,南阳市,唐河县,32.61866,112.86562
陝西省,宝鸡市,渭滨区,34.28548,107.08801
辽宁省,铁岭市,铁岭县,42.31778,123.72528
上海市,上海市,浦东新区,31.2246,121.64131
河北省,邢台市,平乡县,37.062,115.02
广东省,深圳市,大鹏新区,22.59732,114.4735
云南省,昭通市,镇雄县,27.58342,104.73372
河南省,郑州市,新郑市,34.45604,113.74136
广西壮族自治区,崇左市,宁明县,22.01867,107.27866
山西省,忻州市,原平市,38.85161,112.6805
四川省,甘孜藏族自治州,炉霍县,31.5569,100.72976
山东省,青岛市,平度市,36.78278,119.98556
浙江省,杭州市,富阳市,30.053,119.95
江西省,上饶市,弋阳县,28.46927,117.38207
广东省,汕头市,龙湖区,23.37664,116.70638
河南省,信阳市,息县,32.40389,114.86528
甘肃省,兰州市,皋兰县,36.38414,103.88904
内蒙古自治区,包头市,达茂,41.71462,110.39952
山东省,烟台市,莱阳市,36.91056,120.72583
山东省,潍坊市,昌乐县,36.51389,118.90889
湖北省,荆州市,荆州区,30.3615,112.20128
山东省,德州市,宁津县,37.68111,116.82306
甘肃省,张掖市,民乐县,38.40525,100.76224
河南省,郑州市,中原区,34.76333,113.60222
黑龙江省,大庆市,龙凤区,46.53091,125.11997
天津市,天津市,西青区,39.02314,117.12672
江苏省,徐州市,睢宁县,33.93882,117.85877
内蒙古自治区,鄂尔多斯市,鄂托克前旗,38.25408,107.67924
湖南省,郴州市,安仁县,26.57273,113.34912
吉林省,松原市,宁江区,45.22083,124.82444
陝西省,咸阳市,旬邑县,35.18938,108.49346
山西省,晋中市,灵石县,36.83436,111.74712
河南省,南阳市,卧龙区,32.99278,112.42611
贵州省,黔南布依族苗族自治州,瓮安县,27.14594,107.40636
安徽省,马鞍山市,和县,31.68081,118.27033
河南省,洛阳市,宜阳县,34.48894,112.02949
四川省,自贡市,大安区,29.3754,104.76639
内蒙古自治区,通辽市,库伦旗,42.78342,121.69327
四川省,凉山彝族自治州,会理县,26.58683,102.12678
四川省,自贡市,贡井区,29.35185,104.69759
河南省,信阳市,潢川县,32.13806,115.14611
江苏省,江苏省,铜山县,34.15635,117.13226
云南省,楚雄彝族自治州,大姚县,25.863,101.23418
陝西省,宝鸡市,扶风县,34.33611,107.91
广东省,韶关市,浈江区,24.80139,113.60139
内蒙古自治区,乌兰察布市,察哈尔右翼后旗,41.528,113.10245
湖北省,恩施土家族苗族自治州,咸丰县,29.74237,108.95305
河北省,衡水市,冀州市,37.56,115.55
黑龙江省,伊春市,友好区,48.00048,128.66777
四川省,南充市,蓬安县,31.03366,106.38006
河南省,新乡市,原阳县,35.01879,113.94067
河南省,漯河市,郾城区,33.60835,114.02743
黑龙江省,伊春市,带岭区,47.11608,129.0069
内蒙古自治区,巴彦淖尔市,潮格旗,41.45034,106.52544
河北省,邢台市,临城县,37.43,114.49
河北省,石家庄市,深泽县,38.18333,115.18333
四川省,广安市,邻水县,30.2526,106.98204
山东省,济南市,平阴县,36.20643,116.36143
河南省,驻马店市,遂平县,33.14919,113.90206
安徽省,六安市,裕安區,31.73829,116.48423
吉林省,四平市,铁东区,43.17222,124.39504
河北省,沧州市,孟村回族自治县,38.06667,117.08333
河北省,石家庄市,元氏县,37.748,114.5
江苏省,南京市,浦口区,32.065,118.549
云南省,普洱市,镇沅彝族哈尼族拉祜族自治县,23.90693,100.87481
江西省,抚州市,东乡县,28.23605,116.6171
浙江省,温州市,文成县,27.8,120.08333
浙江省,台州市,椒江区,28.68472,121.44861
山西省,大同市,大同县,40.00745,113.52391
陝西省,商洛市,商州区,33.82556,109.99778
湖北省,黄石市,铁山区,30.29184,114.9652
西藏自治区,日喀则地区,聂拉木县,28.54644,86.07479
河北省,张家口市,桥西区,40.66667,114.85278
新疆维吾尔自治区,和田地区,洛浦县,37.01607,80.26667
四川省,甘孜藏族自治州,石渠县,33.17235,98.16903
陝西省,宝鸡市,麟游县,34.80028,107.70889
新疆维吾尔自治区,阿勒泰地区,青河县,46.32889,90.41483
甘肃省,武威市,天祝藏族自治县,37.17324,102.80599
新疆维吾尔自治区,阿克苏地区,新和县,41.39682,82.13488
上海市,上海市,奉贤区,30.92835,121.58221
辽宁省,朝阳市,北票市,41.86306,120.79278
湖南省,益阳市,安化县,28.30713,111.45128
浙江省,宁波市,鄞州区,29.80742,121.56312
山西省,临汾市,汾西县,36.63436,111.4914
贵州省,黔南布依族苗族自治州,福泉市,26.805,107.45797
河南省,许昌市,襄城县,33.86138,113.56303
辽宁省,大连市,西岗区,38.91373,121.61191
安徽省,马鞍山市,花山区,31.70295,118.50436
西藏自治区,昌都市,昌都县,31.43591,97.24417
云南省,文山壮族苗族自治州,西畴县,23.3148,104.66489
云南省,迪慶藏族自治州,维西傈僳族自治县,27.44259,99.25778
湖南省,衡阳市,雁峰区,26.85992,112.60617
广西壮族自治区,崇左市,扶绥县,22.63944,107.9075
上海市,上海市,青浦区,31.14,121.0884
青海省,青海省,大柴旦行委,37.85268,95.35518
四川省,成都市,青羊区,30.65999,104.03258
广东省,广州市,海珠区,23.10056,113.25222
甘肃省,临夏回族自治州,积石山保安族东乡族撒拉族自治县,35.67859,102.88387
江苏省,宿迁市,宿豫区,33.92903,118.34641
山西省,忻州市,河曲县,39.2758,111.40704
甘肃省,陇南市,礼县,34.10085,104.97699
广西壮族自治区,南宁市,港北,22.78722,108.28354
广西壮族自治区,柳州市,城中区,24.31909,109.40925
浙江省,嘉兴市,平湖市,30.69889,121.01278
广西壮族自治区,桂林市,七星区,25.26321,110.31867
河北省,张家口市,张北县,41.28778,114.76929
江西省,赣州市,南康市,25.82744,114.72458
黑龙江省,牡丹江市,宁安市,44.06148,129.20375
四川省,甘孜藏族自治州,乡城县,29.28274,99.60814
江西省,赣州市,定南县,24.83314,115.10151
四川省,内江市,威远县,29.59249,104.6026
陝西省,商洛市,丹凤县,33.70528,110.435
陝西省,西安市,莲湖区,34.2025,108.9
四川省,成都市,蒲江县,30.24249,103.48693
江苏省,常州市,戚墅堰区,31.75023,120.04086
云南省,普洱市,翠云区,22.78631,100.89285
江西省,新余市,分宜县,27.86362,114.66101
山西省,运城市,芮城县,34.70978,110.5651
四川省,阿坝藏族羌族自治州,阿坝县,32.91994,101.93044
黑龙江省,双鸭山市,尖山区,46.64589,131.15127
四川省,遂宁市,射洪县,30.87712,105.4144
河南省,焦作市,修武县,35.33864,113.35026
广东省,湛江市,雷州市,20.83783,109.91425
宁夏回族自治区,银川市,永宁县,38.27662,106.0893
云南省,昆明市,盘龙区,24.99617,102.89202
西藏自治区,昌都市,芒康县,29.6,98.5
陝西省,延安市,富县,35.98833,109.13722
湖北省,恩施土家族苗族自治州,巴东县,30.79596,110.27619
陝西省,安康市,宁陕县,33.52678,108.43547
江苏省,连云港市,赣榆县,34.88134,118.98796
内蒙古自治区,通辽市,科尔沁左翼后旗,42.99459,122.43069
西藏自治区,拉萨市,墨竹工卡县,29.91594,92.02027
新疆维吾尔自治区,巴音郭楞蒙古自治州,轮台县,41.79725,84.60853
北京市,北京市,顺义区,40.15652,116.7096
广东省,揭阳市,惠来县,23.01644,116.19944
西藏自治区,林芝地区,工布江达县,30.0638,93.387
新疆维吾尔自治区,塔城地区,沙湾县,44.4193,85.53523
山西省,吕梁市,交口县,36.96667,111.33788
福建省,闽都,台江区,26.06667,119.29722
江苏省,泰州市,靖江市,32.04559,120.33715
吉林省,延边朝鲜族自治州,和龙市,42.54728,128.99562
福建省,宁德市,屏南县,26.90473,119.00403
安徽省,亳州市,利辛县,33.17317,116.16813
河南省,新乡市,延津县,35.25926,114.21844
山东省,青岛市,崂山区,36.10278,120.46556
江苏省,淮安市,淮安區,33.51021,119.13463
黑龙江省,哈尔滨市,平房区,45.6015,126.63813
山西省,临汾市,翼城县,35.69716,111.83397
广东省,清远市,连州市,24.94318,112.47819
陝西省,渭南市,华阴市,34.49694,110.04278
江西省,上饶市,鄱阳县,29.26195,116.82474
河北省,唐山市,玉田县,39.81701,117.73168
青海省,海西蒙古族藏族自治州,海西蒙古族藏族自治州,37.3672,97.3633
河北省,张家口市,宣化区,40.62466,115.04873
浙江省,温州市,鹿城区,28.0219,120.62065
河北省,保定市,易县,39.35,115.48333
江西省,宜春市,高安市,28.37202,115.293
吉林省,吉林市,龙潭区,43.91453,126.55968
河南省,信阳市,新县,31.65184,114.87496
湖北省,宜昌市,点军区,30.68736,111.25793
湖北省,宜昌市,猇亭区,30.53598,111.4231
陝西省,汉中市,略阳县,33.39306,106.14833
四川省,巴中市,南江县,32.34764,106.8235
河北省,唐山市,滦南县,39.45527,118.60426
贵州省,黔东南苗族侗族自治州,岑巩县,27.35551,108.69193
四川省,眉山市,仁寿县,29.99934,104.19576
湖南省,怀化市,会同县,26.92532,109.77492
河南省,商丘市,柘城县,34.10639,115.29676
安徽省,池州市,东至县,30.03892,117.04986
广西壮族自治区,崇左市,江州区,22.41167,107.35917
广东省,河源市,紫金县,23.50805,115.03467
吉林省,吉林市,蛟河市,43.7,127.31667
山东省,济宁市,微山县,34.87655,116.95111
辽宁省,盘锦市,盘山县,41.25417,121.99417
辽宁省,营口市,鲅鱼圈区,40.29053,122.146
云南省,丽江市,古城区,26.84769,100.31618
辽宁省,本溪市,桓仁满族自治县,41.264,125.366
广东省,梅州市,大埔县,24.34016,116.64284
湖南省,益阳市,沅江市,28.97393,112.56076
吉林省,吉林市,磐石市,43.07028,126.14806
浙江省,台州市,三门县,29.04732,121.47444
江苏省,南京市,六合区,32.37975,118.84849
新疆维吾尔自治区,巴音郭楞蒙古自治州,博湖县,41.85256,86.88213
西藏自治区,日喀则地区,谢通门县,29.87401,88.29624
湖北省,武汉市,江汉区,30.60628,114.2639
山西省,吕梁市,汾阳市,37.30479,111.76574
河北省,沧州市,海兴县,38.15,117.48333
海南省,海南省,临高县,19.80167,109.71278
吉林省,延边朝鲜族自治州,安图县,42.55,128.31667
湖南省,娄底市,娄星区,27.72272,111.99774
广西壮族自治区,广西壮族自治区,靖西县,23.13333,106.41667
福建省,南平市,光泽县,27.65935,117.37651
福建省,三明市,沙阳,26.4441,117.79213
山东省,烟台市,招远市,37.34181,120.40097
安徽省,合肥市,庐阳区,31.8633,117.24685
陝西省,汉中市,西乡县,32.93639,107.70444
吉林省,长春市,农安县,44.36611,125.02139
贵州省,六盘水市,钟山区,26.63235,104.84735
安徽省,安庆市,宜秀区,30.58928,117.01266
西藏自治区,山南地区,桑日县,29.38862,92.19719
贵州省,黔南布依族苗族自治州,贵定县,26.39759,107.18741
江西省,抚州市,南丰县,27.1276,116.51384
海南省,海南省,五指山市,18.82944,109.50583
山东省,临沂市,苍山县,34.88806,117.98444
山东省,临沂市,兰山区,35.05099,118.34028
江西省,宜春市,袁州区,27.88467,114.2939
广西壮族自治区,柳州市,鹿寨县,24.48333,109.73333
新疆维吾尔自治区,阿勒泰地区,阿勒泰市,47.96786,87.94006
山东省,聊城市,阳谷县,36.15889,115.85139
云南省,红河哈尼族彝族自治州,蒙自市,23.21546,103.49251
河北省,张家口市,怀来县,40.34463,115.64008
河南省,三门峡市,灵宝市,34.4401,110.7881
河北省,保定市,定兴县,39.28333,115.76667
河南省,濮阳市,范县,35.79666,115.53087
浙江省,浙江省,江东区,29.85083,121.685
河北省,沧州市,吴桥县,37.65393,116.49451
黑龙江省,哈尔滨市,延寿县,45.48147,128.47521
西藏自治区,林芝地区,察隅县,28.71784,97.0676
湖南省,郴州市,宜章县,25.31085,112.8253
广西壮族自治区,南宁市,良庆镇,22.75385,108.41274
黑龙江省,伊春市,南岔区,47.05453,129.36213
陝西省,铜川市,宜君县,35.34861,109.16722
河南省,濮阳市,南乐县,36.08167,115.23883
青海省,果洛藏族自治州,班玛县,32.89347,100.54179
内蒙古自治区,鄂尔多斯市,东胜区,39.82306,110.00538
山西省,临汾市,曲沃县,35.69101,111.5087
广西壮族自治区,百色市,乐业县,24.8,106.56667
福建省,闽都,闽侯县,26.22763,119.07581
广东省,深圳市,龙岗区,22.6975,114.33528
江苏省,无锡市,宜兴市,31.36059,119.77869
山西省,长治市,沁县,36.69721,112.65205
河北省,廊坊市,香河县,39.75,116.98333
黑龙江省,伊春市,嘉荫县,48.78278,129.85308
山西省,晋中市,榆社县,37.14096,112.92659
青海省,玉树藏族自治州,囊谦县,32.23583,95.97345
山西省,晋中市,祁县,37.27571,112.47014
河北省,邢台市,邢台县,37.05,114.5
云南省,红河哈尼族彝族自治州,个旧市,23.33174,103.19803
福建省,宁德市,福鼎市,27.21828,120.17548
贵州省,贵阳市,云岩区,26.64408,106.70845
广西壮族自治区,贵港市,港南区,23.08296,109.61385
四川省,宜宾市,屏山县,28.69687,104.06609
河南省,河南省,济源市,35.14056,112.42611
四川省,绵阳市,游仙区,31.46245,104.80235
安徽省,铜陵市,铜陵县,30.95797,117.9626
新疆维吾尔自治区,喀什地区,叶城县,37.9,77.43333
云南省,大理白族自治州,弥渡县,25.22014,100.5867
山东省,济宁市,鱼台县,35.04194,116.52972
四川省,南充市,嘉陵区,30.73626,106.05032
江苏省,苏州市,太仓市,31.56678,121.12783
山西省,忻州市,岢岚县,38.74497,111.57937
湖南省,衡阳市,耒阳市,26.40396,112.93407
山东省,滨州市,博兴县,37.17806,118.22611
四川省,内江市,隆昌县,29.37615,105.24607
福建省,莆田市,涵江区,25.45,119.11667
内蒙古自治区,巴彦淖尔市,临河区,40.85393,107.42792
河北省,石家庄市,长安区,38.05,114.54167
江苏省,南通市,港闸区,32.07075,120.87188
河南省,鹤壁市,浚县,35.69562,114.4707
青海省,玉树藏族自治州,玉树县,32.96236,96.53734
河南省,焦作市,沁阳市,35.12458,112.87554
江西省,九江市,九江县,29.61109,115.80186
河南省,许昌市,鄢陵县,34.00848,114.18632
黑龙江省,哈尔滨市,道里区,45.75264,126.61045
江苏省,江苏省,维扬区,32.41161,119.45177
山西省,运城市,夏县,35.10987,111.3545
江西省,景德镇市,珠山区,29.30379,117.1965
甘肃省,庆阳市,合水县,36.0154,108.26994
山西省,晋中市,介休市,37.03138,112.00171
贵州省,黔东南苗族侗族自治州,雷山县,26.34444,108.12749
广西壮族自治区,柳州市,柳南区,24.33709,109.38538
河南省,三门峡市,湖滨区,34.7332,111.42068
陝西省,榆林市,府谷县,39.2025,110.68861
黑龙江省,鹤岗市,兴安区,47.21632,130.23913
陝西省,铜川市,印台区,35.08004,108.93248
河北省,廊坊市,永清县,39.31667,116.48333
山西省,吕梁市,石楼县,37.05865,110.7629
福建省,漳州市,龙海市,24.3916,117.76412
上海市,上海市,宝山区,31.3985,121.39992
江苏省,南京市,溧水县,31.5939,119.02718
吉林省,松原市,长岭县,44.23556,123.895
福建省,莆田市,秀屿区,25.33333,119.09833
湖北省,黄石市,阳新县,29.90299,115.22216
云南省,保山市,隆阳区,25.16304,99.14209
山西省,忻州市,忻府区,38.4303,112.58866
河北省,邯郸市,邱县,36.83333,115.16667
河南省,郑州市,上街区,34.81666,113.28596
北京市,北京市,丰台区,39.83781,116.24964
内蒙古自治区,呼伦贝尔市,阿荣旗,49.87158,120.87066
湖南省,长沙市,宁乡县,28.12833,112.36577
江苏省,泰州市,海陵区,32.49443,119.9111
吉林省,长春市,德惠市,44.39389,125.52111
江苏省,连云港市,灌云县,34.37833,119.35725
内蒙古自治区,呼伦贝尔市,鄂伦春自治旗,50.61483,123.59217
河北省,石家庄市,灵寿县,38.307,114.36
安徽省,合肥市,肥西县,31.72671,117.05225
广东省,广东省,莲江区,22.60821,113.08127
浙江省,湖州市,安吉县,30.63528,119.68667
湖南省,湘潭市,湘乡市,27.62177,112.22607
江苏省,南通市,崇川区,32.01478,120.85992
安徽省,宣城市,宁国市,30.48328,118.95604
山西省,运城市,平陆县,34.89785,111.19413
西藏自治区,日喀则地区,江孜县,28.97066,89.67705
山东省,潍坊市,临朐县,36.36278,118.57389
内蒙古自治区,兴安盟,扎赉特旗,46.77094,122.43956
黑龙江省,黑龙江省,西方台区,46.59054,131.31987
西藏自治区,拉萨市,尼木县,29.63972,90.05256
青海省,西宁市,城中区,36.56118,101.77479
湖北省,黄冈市,英山县,30.98738,115.80213
陝西省,西安市,阎良区,34.65021,109.28619
天津市,天津市,汉沽区,39.26245,117.85291
新疆维吾尔自治区,喀什地区,塔什库尔干塔吉克自治县,37.78333,75.23333
安徽省,安徽省,居巢区,31.6784,117.73539
湖北省,武汉市,汉阳区,30.54944,114.27528
新疆维吾尔自治区,喀什地区,泽普县,38.12743,77.24556
河南省,郑州市,二七区,34.7275,113.66056
四川省,凉山彝族自治州,盐源县,27.63599,101.30911
湖南省,株洲 市,茶陵县,26.77556,113.69077
黑龙江省,鹤岗市,兴山区,47.4046,130.31912
河南省,郑州市,巩义市,34.6992,113.03911
山东省,烟台市,龙口市,37.60417,120.50832
辽宁省,阜新市,彰武县,42.38831,122.54469
内蒙古自治区,兴安盟,阿尔山市,47.12631,120.39657
河南省,平顶山市,舞钢市,33.28356,113.51316
辽宁省,抚顺市,望花区,41.83667,123.81083
西藏自治区,山南地区,错那县,27.70951,92.84716
四川省,凉山彝族自治州,德昌县,27.3803,102.10453
河北省,承德市,丰宁滿族自治县,41.41541,116.66036
河南省,洛阳市,洛宁县,34.33952,111.49254
四川省,阿坝藏族羌族自治州,汶川县,31.15857,103.28709
辽宁省,大连市,沙河口区,38.90692,121.59062
浙江省,宁波市,象山县,29.47,121.86
湖南省,怀化市,洪江市,27.2329,110.1205
河北省,石家庄市,井陉矿区,38.06944,114.04167
浙江省,杭州市,萧山区,30.16667,120.25
西藏自治区,阿里地区,札达县,31.5072,79.63711
广东省,云浮市,云城区,22.93015,112.0386
西藏自治区,西藏自治区,盐井县,29.11667,98.55
江苏省,连云港市,灌南县,34.1722,119.4307
山东省,泰安市,岱岳区,36.15306,116.9525
四川省,德阳市,罗江区,31.33181,104.53667
河南省,洛阳市,吉利区,34.90189,112.57733
安徽省,安徽省,徽州区,29.82418,118.34156
吉林省,吉林市,永吉县,43.55861,126.22861
云南省,昆明市,富民县,25.28848,102.48511
江西省,赣州市,信丰县,25.27842,114.97207
贵州省,安顺市,平坝区,26.41923,106.26558
西藏自治区,那曲地区,尼玛县,33.63818,87.13782
吉林省,延边朝鲜族自治州,龙井市,42.76678,129.39997
江苏省,徐州市,丰县,34.67957,116.59253
河北省,廊坊市,大城县,38.7,116.63333
广西壮族自治区,玉林市,陆川县,22.35,110.25
山西省,运城市,新绛县,35.60787,111.1629
贵州省,黔西南布依族苗族自治州,兴义市,25.0997,104.7954
江苏省,镇江市,润州区,32.18984,119.45404
河南省,南阳市,方城县,33.30061,113.00203
河南省,驻马店市,新蔡县,32.77991,114.93822
广西壮族自治区,来宾市,来宾市,23.7,109.26667
山东省,德州市,陵县,37.41806,116.70361
安徽省,淮北市,相山区,33.97543,116.81215
甘肃省,酒泉市,酒泉市,39.5785,98.81227
黑龙江省,牡丹江市,穆棱市,44.65524,130.50413
安徽省,安庆市,岳西县,30.89412,116.23087
西藏自治区,昌都市,江达县,31.76795,98.07674
福建省,闽都,福清市,25.64925,119.37688
福建省,宁德市,古田县,26.58,118.74
辽宁省,沈阳市,法库县,42.38333,123.2
山东省,泰安市,肥城市,36.08556,116.73833
河北省,沧州市,肃宁县,38.41667,115.83333
内蒙古自治区,乌兰察布市,化德县,41.90995,114.04397
黑龙江省,佳木斯市,抚远县,47.92698,134.24725
四川省,广元市,旺苍县,32.38565,106.35884
黑龙江省,伊春市,红星区,48.20353,129.38746
河北省,石家庄市,行唐县,38.434,114.53
陝西省,西安市,新城区,34.23694,108.95389
河北省,邯郸市,邯郸地区,36.58349,114.48325
江西省,南昌市,西湖区,28.62998,115.92188
湖北省,荆门市,沙洋县,30.66531,112.3967
广东省,广州市,萝岗区,23.17194,113.49889
辽宁省,大连市,旅顺口区,38.85413,121.25385
广西壮族自治区,桂林市,阳朔县,24.78333,110.5
湖南省,怀化市,辰溪县,27.9521,110.21071
广西壮族自治区,北海市,银海区,21.48126,109.13445
贵州省,遵义市,正安县,28.49146,107.42347
新疆维吾尔自治区,喀什地区,疏勒县,39.22494,76.27912
甘肃省,庆阳市,华池县,36.4129,107.99091
江西省,萍乡市,莲花县,27.22283,113.96554
山西省,晋城市,高平市,35.8088,112.90494
黑龙江省,哈尔滨市,双城市,45.28541,126.19475
河南省,周口市,项城市,33.27265,114.90115
河南省,安阳市,安阳县,36.17313,114.2894
辽宁省,锦州市,古塔区,41.15861,121.16028
湖南省,郴州市,资兴市,25.93674,113.46629
黑龙江省,绥化市,海伦市,47.4433,126.88066
湖北省,宜昌市,五峰土家族自治县,30.16458,110.68501
黑龙江省,齐齐哈尔市,梅里斯达斡尔族区,47.54548,123.82111
黑龙江省,鹤岗市,南山区,47.28208,130.27824
河南省,新乡市,新乡县,35.21747,113.84744
内蒙古自治区,通辽市,扎鲁特旗,44.79796,120.64011
湖北省,湖北省,仙桃市,30.3243,113.41889
山西省,晋城市,沁水县,35.78793,112.3456
陝西省,咸阳市,长武县,35.16967,107.8213
四川省,雅安市,芦山县,30.41011,103.02022
内蒙古自治区,赤峰市,松山区,42.28886,118.93905
四川省,乐山市,峨边彝族自治县,29.09756,103.1582
山西省,晋中市,怀仁县,39.7913,113.02864
西藏自治区,日喀则地区,吉隆县,28.7503,85.36327
河南省,驻马店市,平舆县,32.98441,114.64688
江西省,上饶市,横峰县,28.51488,117.64695
海南省,海南省,澄迈县,19.69132,109.99377
山东省,菏泽市,牡丹区,35.25852,115.43629
四川省,绵阳市,安州区,31.53333,104.56667
安徽省,六安市,金安區,31.74166,116.52909
江苏省,常州市,武进区,31.73146,119.91714
西藏自治区,拉萨市,拉萨城关区,29.67203,91.10475
安徽省,芜湖市,弋江区,31.31493,118.36199
江西省,上饶市,余干县,28.65097,116.67552
河南省,平顶山市,鲁山县,33.74174,112.72691
吉林省,吉林市,船营区,43.83066,126.53413
山东省,东营市,利津县,37.66806,118.44167
江西省,九江市,湖口县,29.71086,116.30677
陝西省,宝鸡市,岐山县,34.41139,107.69972
广西壮族自治区,玉林市,兴业县,22.75795,109.87366
云南省,德宏傣族景颇族自治州,瑞丽市,24.10627,97.77416
河南省,新乡市,封丘县,35.03983,114.47544
河南省,信阳市,商城县,31.76417,115.36789
云南省,保山市,龙陵县,24.63848,98.83988
安徽省,滁州市,全椒县,32.04423,118.07545
黑龙江省,哈尔滨市,香坊区,45.72667,126.679
湖北省,孝感市,汉川市,30.6505,113.68362
广东省,河源市,和平县,24.44004,115.00828
山西省,运城市,垣曲县,35.21789,111.8221
江苏省,无锡市,北塘区,31.59086,120.27461
北京市,北京市,東城區,39.93264,116.41834
广西壮族自治区,防城港市,上思县,22.15111,107.98417
吉林省,通化市,通化县,41.74389,125.79028
四川省,成都市,金牛区,30.70575,104.04238
重庆市,重庆市,忠县,30.3375,107.91041
河北省,邢台市,内丘县,37.294,114.51
广西壮族自治区,玉林市,玉林市,22.63333,110.15
辽宁省,营口市,盖州市,40.29,122.50028
陝西省,宝鸡市,太白县,33.94556,107.43694
云南省,普洱市,瀾滄拉祜族自治縣,22.569,99.93336
广西壮族自治区,南宁市,横县,22.77399,109.17119
浙江省,舟山市,定海区,30.01485,122.08048
贵州省,遵义市,凤冈县,27.9328,107.77976
重庆市,重庆市,江津市,29.03188,106.25784
黑龙江省,鸡西市,虎林市,45.93103,133.13466
广西壮族自治区,百色市,那坡县,23.38333,105.8
湖北省,荆州市,石首市,29.77452,112.55467
福建省,南平市,政和县,27.30877,118.98586
云南省,昆明市,禄劝彝族苗族自治县,25.89998,102.6263
广西壮族自治区,河池市,东兰县,24.51667,107.36667
黑龙江省,哈尔滨市,尚志市,44.9802,128.31581
江苏省,盐城市,射阳县,33.75575,120.24694
河南省,新乡市,获嘉县,35.19469,113.63941
广东省,云浮市,新兴县,22.63288,112.19765
黑龙江省,大庆市,杜尔伯特蒙古族自治县,46.52319,124.2244
山西省,大同市,大同城区,40.09107,113.29174
广东省,清远市,佛冈县,23.89393,113.56253
安徽省,合肥市,包河区,31.77959,117.32294
贵州省,六盘水市,盘县,25.8678,104.6031
辽宁省,鞍山市,铁东区,41.0925,122.99417
江苏省,常州市,钟楼区,31.79804,119.89765
内蒙古自治区,巴彦淖尔市,乌拉特前旗,40.89442,109.10132
湖南省,永州市,祁阳县,26.37609,111.9458
湖北省,武汉市,洪山区,30.56327,114.35647
四川省,广元市,元坝区,32.3074,105.95783
新疆维吾尔自治区,新疆维吾尔自治区,五家渠市,44.35626,87.55966
广东省,茂名市,茂港区,21.47111,111.03833
内蒙古自治区,锡林郭勒盟,西乌珠穆沁旗,44.70669,117.81078
黑龙江省,鹤岗市,向阳区,47.32815,130.29347
贵州省,安顺市,镇宁布依族苗族自治县,25.91161,105.81842
上海市,上海市,闽行区,31.08147,121.42481
江西省,上饶市,上饶县,28.39539,117.86205
湖北省,咸宁市,赤壁市,29.76744,113.95535
湖北省,襄樊市,谷城县,32.23272,111.50872
四川省,南充市,高坪区,30.77439,106.12617
黑龙江省,牡丹江市,海林市,44.86197,129.25701
福建省,闽都,仓山区,26.05,119.3
河北省,承德市,鹰手营子矿区,40.53699,117.72725
广东省,佛山市,顺德区,22.83056,113.21556
河北省,衡水市,武邑县,37.8,115.89
广西壮族自治区,北海市,铁山港区,21.55158,109.4454
河南省,洛阳市,伊川县,34.41777,112.46148
云南省,红河哈尼族彝族自治州,金平苗族瑶族傣族自治县,22.75777,103.16283
辽宁省,抚顺市,新宾满族自治县,41.63417,124.85667
四川省,凉山彝族自治州,越西县,28.62288,102.5245
湖南省,邵阳市,邵东县,27.1239,111.83798
湖南省,湘西土家族苗族自治州,保靖县,28.67956,109.60968
广东省,深圳市,罗湖区,22.55333,114.12639
内蒙古自治区,通辽市,科尔沁左翼中旗,45.36684,121.50261
内蒙古自治区,乌海市,海勃湾区,39.64982,106.84704
山西省,晋中市,昔阳县,37.55801,113.69609
安徽省,六安市,舒城县,31.30029,116.801
河北省,保定市,曲阳县,38.619,114.68
湖北省,湖北省,武穴市,30.11887,115.71045
湖北省,襄樊市,襄阳区,32.21847,112.2623
福建省,厦门市,思明区,24.46061,118.07389
河南省,开封市,开封县,34.7191,114.44943
江苏省,泰州市,泰兴市,32.22317,120.17806
山东省,滨州市,沾化县,37.76722,118.09944
广西壮族自治区,防城港市,港口区,21.67976,108.39272
新疆维吾尔自治区,乌鲁木齐市,乌鲁木齐县,43.41975,87.31946
山东省,淄博市,桓台县,36.984,118.01146
山东省,东营市,河口区,37.91528,118.62833
江西省,吉安市,吉州区,27.16332,114.96659
福建省,三明市,将乐县,26.70121,117.38355
福建省,漳州市,芗城区,24.49145,117.62618
山西省,大同市,浑源县,39.65015,113.61002
江西省,萍乡市,上栗县,27.82581,113.85081
广东省,阳江市,阳东县,22.02039,112.05612
湖南省,衡阳市,蒸湘区,26.87353,112.58853
上海市,上海市,长宁区,31.20927,121.38999
新疆维吾尔自治区,喀什地区,岳普湖县,39.09479,76.96211
湖南省,娄底市,冷水江市,27.66867,111.45479
四川省,凉山彝族自治州,雷波县,28.28105,103.40487
山西省,大同市,新荣区,40.27603,113.09853
湖南省,邵阳市,绥宁县,26.70939,110.19585
河南省,安阳市,文峰区,36.07778,114.37111
湖南省,常德市,桃源县,28.88961,111.25262
安徽省,宿州市,萧县,34.22317,116.79237
辽宁省,本溪市,南芬区,41.08,123.73222
四川省,攀枝花市,东区,26.55685,101.71346
河北省,邢台市,新河县,37.52,115.24
湖南省,永州市,江永县,25.26667,111.33333
山东省,临沂市,蒙阴县,35.73917,118.01167
贵州省,黔南布依族苗族自治州,长顺县,25.05403,106.375
甘肃省,兰州市,城关区,36.08169,103.88198
广东省,肇庆市,封开县,23.5807,111.69452
甘肃省,陇南市,成县,33.6781,105.70323
湖北省,恩施土家族苗族自治州,利川市,30.24451,108.81576
安徽省,淮北市,杜集区,33.99402,116.82875
四川省,眉山市,东坡区,30.0549,103.71762
宁夏回族自治区,固原市,原州区,36.1752,106.24247
山西省,大同市,天镇县,40.41779,114.02035
湖北省,武汉市,蔡甸区,30.58222,114.02018
内蒙古自治区,乌兰察布市,察哈尔右翼前旗,40.86165,113.17521
内蒙古自治区,呼伦贝尔市,陈巴尔虎旗,49.33873,119.4246
云南省,临沧市,临翔区,23.82706,100.09737
甘肃省,白银市,会宁县,35.88612,105.09062
江苏省,常州市,溧阳市,31.42307,119.37072
湖南省,湘西土家族苗族自治州,凤凰县,28.01058,109.53213
海南省,海口市,龙华区,19.8725,110.33389
河南省,商丘市,梁园区,34.483,115.60385
广东省,汕尾市,陆丰市,22.95166,115.72222
山西省,山西省,阳泉城区,37.84377,113.58635
西藏自治区,西藏自治区,隆格尔县,31.16667,84
新疆维吾尔自治区,哈密市,伊吾县,43.25,94.58
内蒙古自治区,呼和浩特市,回民区,40.86084,111.59576
浙江省,温州市,平阳县,27.63403,120.40776
吉林省,松原市,乾安县,44.88778,124.03083
山东省,济宁市,梁山县,35.8125,116.10278
陝西省,咸阳市,渭城区,34.31972,108.71222
山西省,长治市,武乡县,36.81671,112.88817
西藏自治区,昌都市,察雅县,30.63819,97.8354
江西省,抚州市,资溪县,27.74688,116.98958
广东省,深圳市,光明区,22.76615,113.93033
山东省,青岛市,胶州市,36.24806,119.9625
陝西省,榆林市,吴堡县,37.61056,110.58056
江西省,宜春市,丰城市,28.19829,115.7861
山西省,忻州市,神池县,39.19189,112.02693
四川省,内江市,市中区,29.56498,105.02135
云南省,普洱市,景谷傣族彝族自治县,23.42931,100.52744
内蒙古自治区,乌兰察布市,卓资县,40.92682,112.5479
广西壮族自治区,桂林市,恭城瑶族自治县,24.91894,110.86866
辽宁省,抚顺市,东洲区,41.83528,124.01583
陝西省,渭南市,兴平市,34.27472,108.47778
四川省,乐山市,犍为县,29.23301,103.9415
四川省,凉山彝族自治州,木里藏族自治县,28.3792,100.86266
河南省,洛阳市,偃师市,34.63003,112.72312
湖南省,邵阳市,洞口县,27.10088,110.61848
辽宁省,抚顺市,顺城区,41.87833,123.965
贵州省,黔东南苗族侗族自治州,丹寨县,26.24419,107.89516
